station_id,station_name,station_type,latitude,longitude,observation_time,acquisition_time,temperature_c,temperature_min_c,temperature_max_c,relative_humidity_pct,wind_speed_kmh,wind_speed_ms,wind_direction_deg,pressure_hpa,dewpoint_c,rainfall_mm,rainfall_accum_period,data_source,status
4682B7BA,AGASTYAMUNI,AWS,30.3892,79.0226,2026-03-13T04:08:19+00:00,2026-09-01T07:07:58.815949+00:00,11.6,23.2,23.7,17.0,10.19,2.83,35.0,925.1,13.9,0.0,recent_observation,IMD GeoServer (imd:aws_data_layer),STALE
46832022,ALMORA,AWS,29.6002,79.6651,2026-03-13T04:08:20+00:00,2026-09-01T07:07:58.815949+00:00,10.1,23.0,24.9,28.0,4.07,1.13,48.0,,24.7,0.0,recent_observation,IMD GeoServer (imd:aws_data_layer),STALE
UPAAH000,AMROHA,AWS,28.8523,78.2358,2026-09-01T06:59:04+00:00,2026-09-01T07:07:58.815949+00:00,30.4,26.6,32.4,82.0,9.26,2.57,66.0,1006.2,0.0,0.0,recent_observation,IMD GeoServer (imd:aws_data_layer),LIVE
4682473E,AULI,AWS,30.5361,79.5714,2026-03-13T04:08:19+00:00,2026-09-01T07:07:58.815949+00:00,2.8,0.0,9.6,15.0,15.19,4.22,68.0,,0.0,0.0,recent_observation,IMD GeoServer (imd:aws_data_layer),STALE
46820434,BADRINATH,AWS,30.7449,79.4922,2026-03-13T04:08:19+00:00,2026-09-01T07:07:58.815949+00:00,-11.4,13.0,14.0,35.0,13.7,3.81,46.0,,-8.3,0.0,recent_observation,IMD GeoServer (imd:aws_data_layer),STALE
55E94D14,BAGESHWAR,AWS,29.8308,79.77,2026-08-29T08:44:04+00:00,2026-09-01T07:07:58.815949+00:00,,,,37.0,5.19,1.44,,,0.0,1.0,recent_observation,IMD GeoServer (imd:aws_data_layer),STALE
46832EF0,BAGESHWAR,AWS,29.8381,79.7643,2026-03-13T04:08:20+00:00,2026-09-01T07:07:58.815949+00:00,11.0,24.7,26.0,21.0,4.63,1.29,9.0,,15.1,0.0,recent_observation,IMD GeoServer (imd:aws_data_layer),STALE
46847CB8,BAJPUR,AWS,29.1349,79.1219,2026-03-13T04:08:21+00:00,2026-09-01T07:07:58.815949+00:00,19.5,22.7,24.1,24.0,4.44,1.23,36.0,1009.7,23.2,45.0,recent_observation,IMD GeoServer (imd:aws_data_layer),STALE
46806AF4,BARKOT,AWS,30.8109,78.2135,2026-03-13T04:08:17+00:00,2026-09-01T07:07:58.815949+00:00,8.7,20.2,20.7,37.0,9.45,2.62,40.0,1023.6,11.3,0.5,recent_observation,IMD GeoServer (imd:aws_data_layer),STALE
468380DA,BETALGHAT,AWS,29.5525,79.3532,2026-03-13T04:08:20+00:00,2026-09-01T07:07:58.815949+00:00,13.1,24.8,35.4,20.0,11.3,3.14,51.0,,31.9,0.0,recent_observation,IMD GeoServer (imd:aws_data_layer),STALE
46810DE8,BHAGWANPUR,AWS,29.8046,77.911,2026-03-13T04:08:18+00:00,2026-09-01T07:07:58.815949+00:00,18.5,24.2,27.5,30.0,6.48,1.8,14.0,1003.3,20.2,0.0,recent_observation,IMD GeoServer (imd:aws_data_layer),STALE
4682D25C,BHAINSIYA CHHANA,AWS,29.7003,79.8826,2026-03-13T04:08:19+00:00,2026-09-01T07:07:58.815949+00:00,10.3,8.1,8.3,26.0,3.15,0.87,330.0,,0.6,0.0,recent_observation,IMD GeoServer (imd:aws_data_layer),STALE
A0A72AEE,BHARSAR,AWS,30.05,79.0,2026-09-01T00:29:05+00:00,2026-09-01T07:07:58.815949+00:00,17.4,17.2,22.8,100.0,0.0,0.0,,,0.0,19.5,recent_observation,IMD GeoServer (imd:aws_data_layer),RECENT
468306CE,BHIKIYASAIN,AWS,29.6965,79.2692,2026-03-13T04:08:19+00:00,2026-09-01T07:07:58.815949+00:00,14.1,24.7,25.7,16.0,12.41,3.45,37.0,1007.1,15.6,0.0,recent_observation,IMD GeoServer (imd:aws_data_layer),STALE
42143,Bijnor,SYNOP,29.62,78.38,2026-09-01T03:40:13+00:00,2026-09-01T07:07:58.815949+00:00,26.4,22.2,30.0,97.0,7.41,2.06,140.0,1005.0,25.8,0.01,24h,IMD GeoServer (imd:synop_data_layer),RECENT
46807750,CHAKRATA,AWS,30.705,77.8625,2026-03-13T04:08:17+00:00,2026-09-01T07:07:58.815949+00:00,13.7,17.0,17.7,32.0,9.63,2.68,56.0,,5.8,0.0,recent_observation,IMD GeoServer (imd:aws_data_layer),STALE
4683DE74,CHALTHI,AWS,29.1974,80.0897,2026-03-13T04:08:20+00:00,2026-09-01T07:07:58.815949+00:00,19.1,30.0,30.6,16.0,11.67,3.24,13.0,,18.1,0.0,recent_observation,IMD GeoServer (imd:aws_data_layer),STALE
42117,CHAMOLI,AWS,30.4,79.3167,2026-09-01T06:59:04+00:00,2026-09-01T07:07:58.815949+00:00,22.6,22.5,27.2,80.0,1.85,0.51,233.0,973.4,0.0,2.5,recent_observation,IMD GeoServer (imd:aws_data_layer),LIVE
A0A74F08,CHAMPAWAT,AWS,29.34,80.09,2026-09-01T06:59:04+00:00,2026-09-01T07:07:58.815949+00:00,18.8,18.4,24.8,,12.96,3.6,140.0,,0.0,1.5,recent_observation,IMD GeoServer (imd:aws_data_layer),LIVE
4683BB92,CHAMPAWAT,AWS,29.3356,80.0915,2026-03-13T04:08:20+00:00,2026-09-01T07:07:58.815949+00:00,15.4,18.8,19.8,18.0,11.11,3.09,24.0,,19.0,0.5,recent_observation,IMD GeoServer (imd:aws_data_layer),STALE
4681DB80,CHANDRA BADNI,AWS,30.2941,78.6111,2026-03-13T04:08:18+00:00,2026-09-01T07:07:58.815949+00:00,15.5,19.2,20.1,19.0,13.52,3.76,58.0,,7.6,0.0,recent_observation,IMD GeoServer (imd:aws_data_layer),STALE
UTBBR000,CHAUBATIA_RANIKHET,AWS,29.6213,79.4591,2026-09-01T06:59:04+00:00,2026-09-01T07:07:58.815949+00:00,17.4,17.1,22.0,100.0,5.56,1.54,212.0,,0.0,17.0,recent_observation,IMD GeoServer (imd:aws_data_layer),LIVE
4682DC8E,CHAUKHUTIYA,AWS,29.8844,79.3502,2026-03-13T04:08:19+00:00,2026-09-01T07:07:58.815949+00:00,11.9,22.2,23.0,15.0,9.45,2.62,15.0,,17.9,0.0,recent_observation,IMD GeoServer (imd:aws_data_layer),STALE
46804C18,CHINYALISAUR,AWS,30.5769,78.3299,2026-03-13T04:08:17+00:00,2026-09-01T07:07:58.815949+00:00,10.4,30.2,30.5,36.0,10.0,2.78,37.0,,30.3,1.5,recent_observation,IMD GeoServer (imd:aws_data_layer),STALE
55DEAAA2,DANAURA,AWS,28.95,78.25,2026-07-27T10:14:04+00:00,2026-09-01T07:07:58.815949+00:00,,,,,9.45,2.62,,,0.0,0.0,recent_observation,IMD GeoServer (imd:aws_data_layer),STALE
B489F6DE,DEHRADUN,AWS,30.32,78.05,2026-08-18T16:14:04+00:00,2026-09-01T07:07:58.815949+00:00,,,,93.0,13.7,3.81,,,0.0,7.5,recent_observation,IMD GeoServer (imd:aws_data_layer),STALE
VIDN,DEHRADUN Airport,METAR,30.19,78.18,2026-09-01T00:00:00+00:00,2026-09-01T07:07:58.815949+00:00,24.0,,,100.0,5.56,1.54,150.0,1009.0,24.0,0.0,24h,IMD GeoServer (imd:metar_data_layer),RECENT
4683EBEE,DEVIDHURA,AWS,29.4125,79.8653,2026-03-13T04:08:20+00:00,2026-09-01T07:07:58.815949+00:00,13.6,19.5,20.5,25.0,11.11,3.09,88.0,,6.1,0.0,recent_observation,IMD GeoServer (imd:aws_data_layer),STALE
55E403AA,DEVPRAYAG,AWS,30.14,78.6,2026-09-01T06:59:04+00:00,2026-09-01T07:07:58.815949+00:00,25.9,24.6,34.6,91.0,10.19,2.83,,,0.0,0.0,recent_observation,IMD GeoServer (imd:aws_data_layer),LIVE
468272A4,DEWAL,AWS,30.0758,79.4818,2026-03-13T04:08:19+00:00,2026-09-01T07:07:58.815949+00:00,9.0,20.7,21.7,14.0,10.37,2.88,23.0,,12.6,0.0,recent_observation,IMD GeoServer (imd:aws_data_layer),STALE
99918,DHANAURI,AWS,29.93,77.97,2026-03-13T04:07:23+00:00,2026-09-01T07:07:58.815949+00:00,20.8,,37.1,26.0,8.33,2.31,34.0,1014.9,0.0,0.0,recent_observation,IMD GeoServer (imd:aws_data_layer),STALE
4681BE66,DHANOLTI,AWS,30.4247,78.2472,2026-03-13T04:08:18+00:00,2026-09-01T07:07:58.815949+00:00,13.1,16.1,16.5,32.0,13.52,3.76,41.0,,9.2,33.5,recent_observation,IMD GeoServer (imd:aws_data_layer),STALE
46842CC4,DHARCHULA,AWS,29.8501,80.545,2026-03-13T04:08:20+00:00,2026-09-01T07:07:58.815949+00:00,9.9,26.5,27.3,13.0,12.41,3.45,45.0,,27.3,0.0,recent_observation,IMD GeoServer (imd:aws_data_layer),STALE
4684726A,DIDIHAT,AWS,29.8016,80.2631,2026-03-13T04:08:21+00:00,2026-09-01T07:07:58.815949+00:00,13.2,22.2,22.7,14.0,10.19,2.83,37.0,,4.5,0.0,recent_observation,IMD GeoServer (imd:aws_data_layer),STALE
4682A4CC,DUGALBITTA,AWS,30.4874,79.176,2026-03-13T04:08:19+00:00,2026-09-01T07:07:58.815949+00:00,7.8,8.8,8.8,15.0,14.63,4.06,75.0,,5.1,2.5,recent_observation,IMD GeoServer (imd:aws_data_layer),STALE
46845A54,DUGTU,AWS,30.2453,80.5612,2026-03-13T04:08:20+00:00,2026-09-01T07:07:58.815949+00:00,-7.2,13.5,15.5,37.0,9.26,2.57,60.0,,-7.6,0.0,recent_observation,IMD GeoServer (imd:aws_data_layer),STALE
46806426,DUNDA,AWS,30.705,78.3485,2026-03-13T04:08:17+00:00,2026-09-01T07:07:58.815949+00:00,10.0,21.5,22.0,34.0,9.45,2.62,40.0,,21.6,0.0,recent_observation,IMD GeoServer (imd:aws_data_layer),STALE
4682E7C6,DWARHAT,AWS,29.7795,79.4315,2026-03-13T04:08:19+00:00,2026-09-01T07:07:58.815949+00:00,11.4,21.7,22.5,18.0,7.96,2.21,35.0,,12.0,0.0,recent_observation,IMD GeoServer (imd:aws_data_layer),STALE
42111,Dehradun-Mokhampur,SYNOP,30.32,78.03,2026-09-01T06:24:03+00:00,2026-09-01T07:07:58.815949+00:00,26.0,,,92.0,3.7,1.03,140.0,1004.0,24.6,0.0,24h,IMD GeoServer (imd:synop_data_layer),LIVE
46842216,GANGOLIHAT,AWS,29.6577,80.0423,2026-03-13T04:08:20+00:00,2026-09-01T07:07:58.815949+00:00,13.5,9.9,10.1,19.0,10.0,2.78,93.0,,9.9,2.0,recent_observation,IMD GeoServer (imd:aws_data_layer),STALE
55D01D44,GANGOLIHAT,AWS,29.65,80.04,2026-09-01T05:44:05+00:00,2026-09-01T07:07:58.815949+00:00,19.1,18.6,24.0,,9.82,2.73,,,0.0,10.0,recent_observation,IMD GeoServer (imd:aws_data_layer),LIVE
468029FE,GANGOTRI,AWS,30.9936,78.9404,2026-03-13T04:08:17+00:00,2026-09-01T07:07:58.815949+00:00,-11.3,13.5,14.7,57.0,12.41,3.45,91.0,,-6.6,0.0,recent_observation,IMD GeoServer (imd:aws_data_layer),STALE
46833D86,GARUD,AWS,29.8963,79.6133,2026-03-13T04:08:20+00:00,2026-09-01T07:07:58.815949+00:00,10.7,22.0,22.7,18.0,7.04,1.95,21.0,,22.5,0.0,recent_observation,IMD GeoServer (imd:aws_data_layer),STALE
468231AE,GHANGARIYA,AWS,30.7021,79.5934,2026-03-13T04:08:19+00:00,2026-09-01T07:07:58.815949+00:00,-8.5,,,27.0,12.78,3.55,78.0,,0.0,0.0,recent_observation,IMD GeoServer (imd:aws_data_layer),STALE
46826F00,GHAT,AWS,30.2563,79.4544,2026-03-13T04:08:19+00:00,2026-09-01T07:07:58.815949+00:00,8.5,26.5,26.7,13.0,12.78,3.55,45.0,,26.6,0.0,recent_observation,IMD GeoServer (imd:aws_data_layer),STALE
46825A9A,GOCHAR,AWS,30.292,79.1562,2026-03-13T04:08:19+00:00,2026-09-01T07:07:58.815949+00:00,11.5,24.7,26.0,14.0,7.41,2.06,44.0,,11.8,0.0,recent_observation,IMD GeoServer (imd:aws_data_layer),STALE
46844922,GUNJI,AWS,30.1862,80.8527,2026-03-13T04:08:20+00:00,2026-09-01T07:07:58.815949+00:00,-7.1,,,29.0,4.82,1.34,111.0,,0.0,0.0,recent_observation,IMD GeoServer (imd:aws_data_layer),STALE
46839D7E,HALDWANI,AWS,29.2125,79.532,2026-03-13T04:08:20+00:00,2026-09-01T07:07:58.815949+00:00,20.1,31.1,32.0,22.0,9.63,2.68,33.0,1018.6,14.3,0.0,recent_observation,IMD GeoServer (imd:aws_data_layer),STALE
55DE4950,HAPUR,AWS,28.8167,77.8167,2026-03-13T04:08:08+00:00,2026-09-01T07:07:58.815949+00:00,18.0,,,30.0,8.33,2.31,318.0,,0.0,0.0,recent_observation,IMD GeoServer (imd:aws_data_layer),STALE
UPHPR000,HAPUR,AWS,28.739,77.8716,2026-09-01T06:59:04+00:00,2026-09-01T07:07:58.815949+00:00,32.5,26.5,31.8,65.0,3.7,1.03,143.0,1007.2,0.0,0.0,recent_observation,IMD GeoServer (imd:aws_data_layer),LIVE
46803A88,HARSIL,AWS,31.0372,78.7547,2026-03-13T04:08:17+00:00,2026-09-01T07:07:58.815949+00:00,-3.5,9.3,11.8,53.0,9.63,2.68,71.0,,10.4,0.5,recent_observation,IMD GeoServer (imd:aws_data_layer),STALE
UTHAB000,HATIBHARKALA,AWS,30.3431,78.056,2026-09-01T06:59:04+00:00,2026-09-01T07:07:58.815949+00:00,24.5,23.4,31.4,100.0,5.56,1.54,214.0,1000.1,0.0,0.0,recent_observation,IMD GeoServer (imd:aws_data_layer),LIVE
4682E914,JAGESHWAR,AWS,29.6381,79.8527,2026-03-13T04:08:19+00:00,2026-09-01T07:07:58.815949+00:00,12.8,18.7,19.2,22.0,10.19,2.83,30.0,,19.0,0.0,recent_observation,IMD GeoServer (imd:aws_data_layer),STALE
4682FA62,JAINTI,AWS,29.4816,79.8377,2026-03-13T04:08:19+00:00,2026-09-01T07:07:58.815949+00:00,10.8,22.9,24.1,30.0,6.67,1.85,349.0,,23.4,0.0,recent_observation,IMD GeoServer (imd:aws_data_layer),STALE
4682B968,JAKHOLI,AWS,30.3523,78.9449,2026-03-13T04:08:19+00:00,2026-09-01T07:07:58.815949+00:00,11.5,20.2,20.7,18.0,9.63,2.68,39.0,,6.8,0.0,recent_observation,IMD GeoServer (imd:aws_data_layer),STALE
55E410DC,JAKHOLI,AWS,30.39,78.89,2026-09-01T06:59:04+00:00,2026-09-01T07:07:58.815949+00:00,,,,,11.3,3.14,,,0.0,23.0,recent_observation,IMD GeoServer (imd:aws_data_layer),LIVE
46805F6E,JAN KI CHATTI,AWS,30.9777,78.441,2026-03-13T04:08:17+00:00,2026-09-01T07:07:58.815949+00:00,-2.7,12.6,13.6,54.0,14.45,4.01,42.0,,7.4,0.0,recent_observation,IMD GeoServer (imd:aws_data_layer),STALE
4953DA22,JASPUR,AWS,29.27,78.83,2026-08-19T03:29:04+00:00,2026-09-01T07:07:58.815949+00:00,29.9,,-7.1,96.0,0.0,0.0,,1004.1,0.0,0.0,recent_observation,IMD GeoServer (imd:aws_data_layer),STALE
4684611C,JAULJIBI,AWS,29.7541,80.3732,2026-03-13T04:08:20+00:00,2026-09-01T07:07:58.815949+00:00,12.6,24.1,24.7,14.0,8.52,2.37,36.0,1009.5,20.5,0.0,recent_observation,IMD GeoServer (imd:aws_data_layer),STALE
A0A77440,JOLLYGRANT,AWS,30.19,78.18,2026-09-01T06:59:04+00:00,2026-09-01T07:07:58.815949+00:00,30.1,25.6,34.3,92.0,7.41,2.06,110.0,1004.1,0.0,0.5,recent_observation,IMD GeoServer (imd:aws_data_layer),LIVE
42116,JOSHIMATH,AWS,30.55,79.5667,2026-03-13T04:07:22+00:00,2026-09-01T07:07:58.815949+00:00,1.4,6.1,20.4,18.0,14.63,4.06,58.0,,0.0,0.0,recent_observation,IMD GeoServer (imd:aws_data_layer),STALE
4683A636,KALADHUNGI,AWS,29.329,79.5097,2026-03-13T04:08:20+00:00,2026-09-01T07:07:58.815949+00:00,16.6,29.7,30.7,23.0,10.0,2.78,42.0,1006.7,22.3,0.0,recent_observation,IMD GeoServer (imd:aws_data_layer),STALE
46815D94,KALAGARH,AWS,29.4887,78.7605,2026-03-13T04:08:18+00:00,2026-09-01T07:07:58.815949+00:00,20.2,0.0,0.0,16.0,7.22,2.01,35.0,,0.0,0.0,recent_observation,IMD GeoServer (imd:aws_data_layer),STALE
55D0357A,KALSI,AWS,30.53,77.84,2026-03-13T04:08:05+00:00,2026-09-01T07:07:58.815949+00:00,17.5,31.3,31.8,31.0,12.96,3.6,30.0,,0.0,0.0,recent_observation,IMD GeoServer (imd:aws_data_layer),STALE
46808906,KALSI,AWS,30.5388,77.8522,2026-03-13T04:08:17+00:00,2026-09-01T07:07:58.815949+00:00,16.9,28.2,28.2,30.0,11.67,3.24,31.0,1013.2,13.4,0.0,recent_observation,IMD GeoServer (imd:aws_data_layer),STALE
46840A28,KANALICHHINA,AWS,29.6764,80.2711,2026-03-13T04:08:20+00:00,2026-09-01T07:07:58.815949+00:00,13.0,12.3,12.8,15.0,10.19,2.83,26.0,,-1.3,0.0,recent_observation,IMD GeoServer (imd:aws_data_layer),STALE
4681B0B4,KANATAL,AWS,30.4172,78.3216,2026-03-13T04:08:18+00:00,2026-09-01T07:07:58.815949+00:00,12.1,0.0,0.0,31.0,9.63,2.68,50.0,,0.0,0.0,recent_observation,IMD GeoServer (imd:aws_data_layer),STALE
46833354,KANDA,AWS,29.9711,79.9796,2026-03-13T04:08:20+00:00,2026-09-01T07:07:58.815949+00:00,11.1,22.7,23.2,17.0,7.59,2.11,24.0,1017.3,0.0,0.0,recent_observation,IMD GeoServer (imd:aws_data_layer),STALE
46825448,KARNAPRAYAG,AWS,30.2592,79.2179,2026-03-13T04:08:19+00:00,2026-09-01T07:07:58.815949+00:00,11.2,24.3,25.8,14.0,8.33,2.31,39.0,,10.6,0.0,recent_observation,IMD GeoServer (imd:aws_data_layer),STALE
55E950B0,KARNPRAYAG,AWS,30.25,79.21,2026-03-13T04:08:05+00:00,2026-09-01T07:07:58.815949+00:00,11.4,0.0,0.0,14.0,7.78,2.16,37.0,,0.0,0.0,recent_observation,IMD GeoServer (imd:aws_data_layer),STALE
46849F4A,KASHIPUR,AWS,29.2108,78.9616,2026-03-13T04:08:21+00:00,2026-09-01T07:07:58.815949+00:00,18.1,30.7,32.0,24.0,5.37,1.49,31.0,1001.7,15.2,0.0,recent_observation,IMD GeoServer (imd:aws_data_layer),STALE
UTKKS000,KASHIPUR_AWS400,AWS,29.188,79.0109,2026-09-01T06:59:04+00:00,2026-09-01T07:07:58.815949+00:00,25.5,24.9,31.9,100.0,1.85,0.51,213.0,1005.2,0.0,5.0,recent_observation,IMD GeoServer (imd:aws_data_layer),LIVE
46828CF2,KEDARNATH,AWS,30.7364,79.068,2026-03-13T04:08:19+00:00,2026-09-01T07:07:58.815949+00:00,-8.1,26.2,27.0,41.0,8.52,2.37,217.0,,15.7,0.0,recent_observation,IMD GeoServer (imd:aws_data_layer),STALE
4681104C,KHANPUR,AWS,29.6529,78.0251,2026-03-13T04:08:18+00:00,2026-09-01T07:07:58.815949+00:00,17.6,0.0,0.0,31.0,5.56,1.54,10.0,,0.0,4.5,recent_observation,IMD GeoServer (imd:aws_data_layer),STALE
468482EE,KHATIMA,AWS,28.8829,79.9209,2026-03-13T04:08:21+00:00,2026-09-01T07:07:58.815949+00:00,18.9,30.4,31.3,23.0,9.63,2.68,20.0,,30.4,0.0,recent_observation,IMD GeoServer (imd:aws_data_layer),STALE
4681FD6C,KIRTINAGAR,AWS,30.2153,78.7474,2026-03-13T04:08:18+00:00,2026-09-01T07:07:58.815949+00:00,13.4,25.6,26.7,20.0,10.93,3.04,61.0,1009.3,14.9,0.0,recent_observation,IMD GeoServer (imd:aws_data_layer),STALE
468345C4,KOSANI,AWS,29.8511,79.594,2026-03-13T04:08:20+00:00,2026-09-01T07:07:58.815949+00:00,12.0,18.2,19.2,16.0,8.33,2.31,35.0,,8.0,0.0,recent_observation,IMD GeoServer (imd:aws_data_layer),STALE
55E9A034,KOTDWAR,AWS,29.74,78.52,2026-03-13T04:08:06+00:00,2026-09-01T07:07:58.815949+00:00,20.3,0.0,0.0,17.0,10.74,2.98,43.0,,0.0,0.0,recent_observation,IMD GeoServer (imd:aws_data_layer),STALE
46815346,KOTDWAR,AWS,29.7544,78.5223,2026-03-13T04:08:18+00:00,2026-09-01T07:07:58.815949+00:00,19.5,35.2,36.0,16.0,10.0,2.78,44.0,,35.6,0.0,recent_observation,IMD GeoServer (imd:aws_data_layer),STALE
46809A70,KOTI,AWS,30.6451,77.8542,2026-03-13T04:08:17+00:00,2026-09-01T07:07:58.815949+00:00,13.2,26.7,32.4,35.0,12.22,3.4,36.0,,8.7,0.0,recent_observation,IMD GeoServer (imd:aws_data_layer),STALE
468087D4,LAKHAMANDAL,AWS,30.7321,78.0741,2026-03-13T04:08:17+00:00,2026-09-01T07:07:58.815949+00:00,9.5,21.7,22.2,43.0,10.37,2.88,37.0,965.2,8.8,0.0,recent_observation,IMD GeoServer (imd:aws_data_layer),STALE
46811E9E,LAKSAR,AWS,29.7505,78.0232,2026-03-13T04:08:18+00:00,2026-09-01T07:07:58.815949+00:00,17.7,27.6,29.1,29.0,5.74,1.59,21.0,1010.8,23.1,1.5,recent_observation,IMD GeoServer (imd:aws_data_layer),STALE
4681680E,LALDHANG,AWS,29.8516,78.3157,2026-03-13T04:08:18+00:00,2026-09-01T07:07:58.815949+00:00,20.6,30.7,32.0,18.0,9.45,2.62,49.0,,31.5,0.0,recent_observation,IMD GeoServer (imd:aws_data_layer),STALE
46819658,LANSDOWN,AWS,29.8395,78.6859,2026-03-13T04:08:18+00:00,2026-09-01T07:07:58.815949+00:00,19.8,20.2,21.0,12.0,11.67,3.24,30.0,,20.5,0.0,recent_observation,IMD GeoServer (imd:aws_data_layer),STALE
4681A3C2,LATA,AWS,30.4803,78.6295,2026-03-13T04:08:18+00:00,2026-09-01T07:07:58.815949+00:00,10.9,26.4,26.5,27.0,10.37,2.88,30.0,881.6,14.3,0.0,recent_observation,IMD GeoServer (imd:aws_data_layer),STALE
4683F64A,LOHAGHAT,AWS,29.4042,80.0842,2026-03-13T04:08:20+00:00,2026-09-01T07:07:58.815949+00:00,14.8,19.2,19.7,19.0,11.85,3.29,17.0,,18.7,0.0,recent_observation,IMD GeoServer (imd:aws_data_layer),STALE
UTMDT000,MALDEVTA,AWS,30.3429,78.119,2026-09-01T06:59:04+00:00,2026-09-01T07:07:58.815949+00:00,,13.8,23.6,100.0,9.26,2.57,318.0,1004.1,0.0,0.0,recent_observation,IMD GeoServer (imd:aws_data_layer),LIVE
42112,MASSOURI,AWS,30.48,78.05,2026-09-01T06:59:04+00:00,2026-09-01T07:07:58.815949+00:00,22.2,20.4,25.7,9.0,11.11,3.09,,,0.0,0.0,recent_observation,IMD GeoServer (imd:aws_data_layer),LIVE
UTALA000,MATELA_KVK,AWS,29.6264,79.6309,2026-09-01T06:59:04+00:00,2026-09-01T07:07:58.815949+00:00,21.4,21.1,29.5,100.0,1.85,0.51,212.0,,0.0,0.0,recent_observation,IMD GeoServer (imd:aws_data_layer),LIVE
55DFD01A,MAWANA,AWS,29.11,77.93,2026-08-31T13:29:04+00:00,2026-09-01T07:07:58.815949+00:00,,,,,9.63,2.68,,,0.0,0.0,recent_observation,IMD GeoServer (imd:aws_data_layer),RECENT
UTMOM000,MOHAKAMPUR,AWS,30.2782,78.0744,2026-09-01T06:59:04+00:00,2026-09-01T07:07:58.815949+00:00,25.5,23.4,32.0,98.0,3.7,1.03,183.0,1005.7,0.0,0.0,recent_observation,IMD GeoServer (imd:aws_data_layer),LIVE
468001C0,MORI,AWS,31.0214,78.0469,2026-03-13T04:08:17+00:00,2026-09-01T07:07:58.815949+00:00,8.1,19.0,19.7,36.0,9.63,2.68,42.0,976.0,19.3,0.5,recent_observation,IMD GeoServer (imd:aws_data_layer),STALE
4681EE1A,MUKHIM,AWS,30.5768,78.471,2026-03-13T04:08:18+00:00,2026-09-01T07:07:58.815949+00:00,10.0,19.0,19.3,30.0,10.19,2.83,35.0,,19.3,0.0,recent_observation,IMD GeoServer (imd:aws_data_layer),STALE
42147,MUKTESHWAR,AWS,29.4667,79.65,2026-09-01T06:59:04+00:00,2026-09-01T07:07:58.815949+00:00,,39.0,39.2,,9.26,2.57,95.0,,0.0,2.0,recent_observation,IMD GeoServer (imd:aws_data_layer),LIVE
4680C4DE,MUSSOORIE(UKG),AWS,30.4567,78.0647,2026-03-13T04:08:17+00:00,2026-09-01T07:07:58.815949+00:00,15.1,17.2,18.1,29.0,7.41,2.06,39.0,,17.5,0.0,recent_observation,IMD GeoServer (imd:aws_data_layer),STALE
42187,Moradabad,SYNOP,28.83,78.75,2026-09-01T03:40:13+00:00,2026-09-01T07:07:58.815949+00:00,27.6,26.5,31.0,95.0,3.7,1.03,90.0,1005.0,26.8,5.4,24h,IMD GeoServer (imd:synop_data_layer),RECENT
42147,Mukteshwar,SYNOP,29.47,79.65,2026-09-01T06:24:03+00:00,2026-09-01T07:07:58.815949+00:00,16.4,,,98.0,0.0,0.0,0.0,,16.1,41.0,24h,IMD GeoServer (imd:synop_data_layer),LIVE
468094A2,NAGTHAT,AWS,30.3812,78.0236,2026-03-13T04:08:17+00:00,2026-09-01T07:07:58.815949+00:00,17.6,21.6,22.0,28.0,12.22,3.4,40.0,,5.2,0.0,recent_observation,IMD GeoServer (imd:aws_data_layer),STALE
4681C8F6,NAINBAGH,AWS,30.5661,78.0079,2026-03-13T04:08:18+00:00,2026-09-01T07:07:58.815949+00:00,12.7,22.2,22.6,36.0,11.3,3.14,37.0,,17.1,0.0,recent_observation,IMD GeoServer (imd:aws_data_layer),STALE
46814EE2,NAINIDANDA,AWS,29.7385,79.0134,2026-03-13T04:08:18+00:00,2026-09-01T07:07:58.815949+00:00,14.9,24.7,26.0,13.0,13.52,3.76,25.0,,11.3,0.0,recent_observation,IMD GeoServer (imd:aws_data_layer),STALE
46837E8C,NAINITAL,AWS,29.387,79.4521,2026-03-13T04:08:20+00:00,2026-09-01T07:07:58.815949+00:00,15.6,20.1,20.7,21.0,8.7,2.42,331.0,,5.0,0.0,recent_observation,IMD GeoServer (imd:aws_data_layer),STALE
42146,NAINITAL,AWS,29.36,79.46,2026-03-13T04:07:23+00:00,2026-09-01T07:07:58.815949+00:00,17.5,17.0,18.2,21.0,9.07,2.52,235.0,,0.0,0.0,recent_observation,IMD GeoServer (imd:aws_data_layer),STALE
UTNAF000,NAINITAL(JEOLIKOT)_KVK,AWS,29.3455,79.4844,2026-08-31T18:29:04+00:00,2026-09-01T07:07:58.815949+00:00,22.0,20.7,27.8,99.0,1.85,0.51,212.0,,0.0,12.0,recent_observation,IMD GeoServer (imd:aws_data_layer),RECENT
468012B6,NAITWAR,AWS,31.0701,78.1002,2026-03-13T04:08:17+00:00,2026-09-01T07:07:58.815949+00:00,6.4,,,36.0,12.22,3.4,49.0,,0.0,0.0,recent_observation,IMD GeoServer (imd:aws_data_layer),STALE
46843FB2,NARAYAN ASHRAM,AWS,29.9716,80.6562,2026-03-13T04:08:20+00:00,2026-09-01T07:07:58.815949+00:00,5.2,4.0,4.5,15.0,12.59,3.5,50.0,,-7.0,0.0,recent_observation,IMD GeoServer (imd:aws_data_layer),STALE
4681F3BE,NARENDRA NAGAR,AWS,30.2128,78.3268,2026-03-13T04:08:18+00:00,2026-09-01T07:07:58.815949+00:00,18.7,27.4,27.8,20.0,15.93,4.42,54.0,,15.3,0.0,recent_observation,IMD GeoServer (imd:aws_data_layer),STALE
4681033A,NARSAN,AWS,29.7874,77.8568,2026-03-13T04:08:17+00:00,2026-09-01T07:07:58.815949+00:00,17.7,26.7,28.2,33.0,6.3,1.75,346.0,1008.5,12.8,0.0,recent_observation,IMD GeoServer (imd:aws_data_layer),STALE
468051BC,NAUGAON,AWS,30.7871,78.1386,2026-03-13T04:08:17+00:00,2026-09-01T07:07:58.815949+00:00,9.1,18.7,19.6,40.0,9.82,2.73,38.0,1080.3,16.2,0.0,recent_observation,IMD GeoServer (imd:aws_data_layer),STALE
46858014,NEW TEHRI,AWS,30.3794,78.4364,2026-03-13T04:08:21+00:00,2026-09-01T07:07:58.815949+00:00,13.3,19.2,20.1,28.0,10.37,2.88,46.0,,7.9,1.0,recent_observation,IMD GeoServer (imd:aws_data_layer),STALE
468125D6,NIRANJANPUR_UKG,AWS,29.6983,78.1089,2026-03-13T04:08:06+00:00,2026-09-01T07:07:58.815949+00:00,18.2,0.0,0.0,30.0,6.3,1.75,20.0,,0.0,0.0,recent_observation,IMD GeoServer (imd:aws_data_layer),STALE
468404FA,PANCHESHWAR,AWS,29.4468,80.243,2026-03-13T04:08:20+00:00,2026-09-01T07:07:58.815949+00:00,11.3,25.8,26.8,20.0,8.52,2.37,10.0,931.0,11.1,0.0,recent_observation,IMD GeoServer (imd:aws_data_layer),STALE
46821742,PANDUKESHWAR,AWS,30.6249,79.5558,2026-03-13T04:08:19+00:00,2026-09-01T07:07:58.815949+00:00,-1.6,17.6,18.2,19.0,14.63,4.06,51.0,,3.0,0.0,recent_observation,IMD GeoServer (imd:aws_data_layer),STALE
VIPT,PANTNAGAR Airport,METAR,29.03,79.47,2026-09-01T00:00:00+00:00,2026-09-01T07:07:58.815949+00:00,26.0,,,100.0,11.11,3.09,50.0,1007.0,26.0,0.0,24h,IMD GeoServer (imd:metar_data_layer),RECENT
42148,PANTNAGAR_AMFU,AWS,29.02,79.48,2026-09-01T06:59:04+00:00,2026-09-01T07:07:58.815949+00:00,,,32.7,,11.11,3.09,295.0,1015.0,0.0,6.0,recent_observation,IMD GeoServer (imd:aws_data_layer),LIVE
468136A0,PARPUNDA KHAL,AWS,30.1137,78.6807,2026-03-13T04:08:18+00:00,2026-09-01T07:07:58.815949+00:00,14.3,17.1,18.7,19.0,12.04,3.34,58.0,853.5,13.4,0.0,recent_observation,IMD GeoServer (imd:aws_data_layer),STALE
4683E53C,PATI,AWS,29.4043,79.9374,2026-03-13T04:08:20+00:00,2026-09-01T07:07:58.815949+00:00,12.9,21.5,22.5,25.0,11.67,3.24,91.0,,21.9,0.0,recent_observation,IMD GeoServer (imd:aws_data_layer),STALE
46812B04,PAURI,AWS,30.1529,78.7694,2026-03-13T04:08:18+00:00,2026-09-01T07:07:58.815949+00:00,15.0,20.5,21.2,16.0,15.19,4.22,48.0,,4.9,0.0,recent_observation,IMD GeoServer (imd:aws_data_layer),STALE
UTPIG000,PITHORAGARH_KVK,AWS,29.5616,80.2186,2026-03-13T04:08:16+00:00,2026-09-01T07:07:58.815949+00:00,12.6,12.8,24.8,18.0,11.3,3.14,16.0,,0.0,0.0,recent_observation,IMD GeoServer (imd:aws_data_layer),STALE
468261D2,POKHARI,AWS,30.344,79.2092,2026-03-13T04:08:19+00:00,2026-09-01T07:07:58.815949+00:00,12.0,20.7,21.2,12.0,14.82,4.12,45.0,,3.7,0.0,recent_observation,IMD GeoServer (imd:aws_data_layer),STALE
UPPPI000,PRITHVIPUR,AWS,29.3175,78.1158,2026-09-01T06:59:04+00:00,2026-09-01T07:07:58.815949+00:00,29.1,26.3,34.7,53.0,7.41,2.06,203.0,1004.0,0.0,0.0,recent_observation,IMD GeoServer (imd:aws_data_layer),LIVE
4952C57C,PUROLA,AWS,30.86,78.0,2026-09-01T06:59:04+00:00,2026-09-01T07:07:58.815949+00:00,24.4,22.5,33.6,11.0,10.19,2.83,,987.6,0.0,0.0,recent_observation,IMD GeoServer (imd:aws_data_layer),LIVE
42148,Pantnagar,SYNOP,29.03,79.47,2026-09-01T06:24:03+00:00,2026-09-01T07:07:58.815949+00:00,25.8,,,100.0,12.96,3.6,90.0,1006.0,25.8,0.01,24h,IMD GeoServer (imd:synop_data_layer),LIVE
4680ECE0,RAIWALA,AWS,30.0138,78.191,2026-03-13T04:08:17+00:00,2026-09-01T07:07:58.815949+00:00,21.7,29.0,29.2,19.0,14.45,4.01,49.0,1006.3,14.2,0.0,recent_observation,IMD GeoServer (imd:aws_data_layer),STALE
46801C64,RAJGARHI,AWS,30.8398,78.2408,2026-03-13T04:08:17+00:00,2026-09-01T07:07:58.815949+00:00,8.1,17.7,18.1,37.0,9.63,2.68,42.0,,17.9,0.0,recent_observation,IMD GeoServer (imd:aws_data_layer),STALE
468393AC,RAMNAGAR,AWS,29.3959,79.1355,2026-03-13T04:08:20+00:00,2026-09-01T07:07:58.815949+00:00,20.1,31.6,33.0,16.0,11.11,3.09,44.0,1007.6,5.7,0.0,recent_observation,IMD GeoServer (imd:aws_data_layer),STALE
55E93B84,RANIKHET,AWS,29.64,79.42,2026-05-31T18:44:04+00:00,2026-09-01T07:07:58.815949+00:00,,,,,11.67,3.24,,,0.0,0.0,recent_observation,IMD GeoServer (imd:aws_data_layer),STALE
B489DEE0,RANI_CHAWRI,AWS,30.2,78.5167,2026-09-01T03:29:05+00:00,2026-09-01T07:07:58.815949+00:00,,37.1,41.4,99.0,7.41,2.06,248.0,1049.7,0.0,28.5,recent_observation,IMD GeoServer (imd:aws_data_layer),RECENT
4681852E,RIKHNIKHAL,AWS,29.7723,78.8736,2026-03-13T04:08:18+00:00,2026-09-01T07:07:58.815949+00:00,16.5,24.1,25.2,13.0,12.22,3.4,30.0,,10.5,0.0,recent_observation,IMD GeoServer (imd:aws_data_layer),STALE
55ED9094,RISHIKESH,AWS,30.11,78.28,2026-09-01T06:59:04+00:00,2026-09-01T07:07:58.815949+00:00,,37.0,41.0,99.0,12.59,3.5,,,0.0,0.0,recent_observation,IMD GeoServer (imd:aws_data_layer),LIVE
4680D97A,RISHIKESH (NEELKANTH),AWS,30.0813,78.3409,2026-03-13T04:08:17+00:00,2026-09-01T07:07:58.815949+00:00,19.9,24.4,25.7,18.0,12.22,3.4,52.0,951.9,0.0,0.0,recent_observation,IMD GeoServer (imd:aws_data_layer),STALE
100223,ROORKEE_AMFU,AWS,29.84,77.92,2026-09-01T06:59:04+00:00,2026-09-01T07:07:58.815949+00:00,33.4,25.4,38.9,89.0,3.7,1.03,170.0,1003.6,0.0,0.0,recent_observation,IMD GeoServer (imd:aws_data_layer),LIVE
4682C12A,RUDRAPRAYAG,AWS,30.2858,78.9846,2026-03-13T04:08:19+00:00,2026-09-01T07:07:58.815949+00:00,12.3,28.7,29.7,17.0,8.52,2.37,51.0,,7.2,0.0,recent_observation,IMD GeoServer (imd:aws_data_layer),STALE
46858EC6,RUDRAPUR(UKG),AWS,28.9771,79.3929,2026-03-13T04:08:21+00:00,2026-09-01T07:07:58.815949+00:00,15.8,30.2,31.0,32.0,3.52,0.98,52.0,1011.8,19.8,0.0,recent_observation,IMD GeoServer (imd:aws_data_layer),STALE
90015,RUDRA_PRAYAG,AWS,30.3167,78.9667,2026-09-01T06:59:04+00:00,2026-09-01T07:07:58.815949+00:00,25.4,24.6,31.9,96.0,1.85,0.51,292.0,1014.2,0.0,0.5,recent_observation,IMD GeoServer (imd:aws_data_layer),LIVE
4680AFEA,SAHASPUR,AWS,30.3937,77.8129,2026-03-13T04:08:17+00:00,2026-09-01T07:07:58.815949+00:00,19.6,20.2,20.4,27.0,13.7,3.81,35.0,972.1,17.0,0.0,recent_observation,IMD GeoServer (imd:aws_data_layer),STALE
55D64DF6,SANGLA,AWS,31.43,78.25,2026-09-01T06:44:04+00:00,2026-09-01T07:07:58.815949+00:00,,,12.1,,13.15,3.65,,,0.0,0.0,recent_observation,IMD GeoServer (imd:aws_data_layer),LIVE
46800F12,SANKRI,AWS,31.1507,78.4354,2026-03-13T04:08:17+00:00,2026-09-01T07:07:58.815949+00:00,-10.6,18.0,20.5,68.0,13.33,3.7,53.0,,0.0,0.0,recent_observation,IMD GeoServer (imd:aws_data_layer),STALE
46813872,SATPULI,AWS,29.9184,78.7101,2026-03-13T04:08:18+00:00,2026-09-01T07:07:58.815949+00:00,15.3,23.7,24.6,16.0,12.22,3.4,46.0,1017.4,16.4,0.0,recent_observation,IMD GeoServer (imd:aws_data_layer),STALE
46835860,SHAMA,AWS,29.9747,80.0478,2026-03-13T04:08:20+00:00,2026-09-01T07:07:58.815949+00:00,11.4,17.1,17.7,16.0,7.04,1.95,50.0,,7.9,0.0,recent_observation,IMD GeoServer (imd:aws_data_layer),STALE
468315B8,SITLAKHET,AWS,29.594,79.5442,2026-03-13T04:08:19+00:00,2026-09-01T07:07:58.815949+00:00,12.6,0.0,0.0,22.0,8.89,2.47,48.0,,0.0,0.0,recent_observation,IMD GeoServer (imd:aws_data_layer),STALE
46829F84,SONEPRAYAG,AWS,30.6358,78.9996,2026-03-13T04:08:19+00:00,2026-09-01T07:07:58.815949+00:00,3.3,,,26.0,15.74,4.37,17.0,,0.0,0.0,recent_observation,IMD GeoServer (imd:aws_data_layer),STALE
46836328,SONG,AWS,30.039,79.9519,2026-03-13T04:08:20+00:00,2026-09-01T07:07:58.815949+00:00,8.7,15.1,15.8,18.0,11.67,3.24,8.0,,15.4,0.0,recent_observation,IMD GeoServer (imd:aws_data_layer),STALE
46814030,SRINAGAR,AWS,30.2237,78.7885,2026-03-13T04:08:18+00:00,2026-09-01T07:07:58.815949+00:00,13.0,32.7,33.5,19.0,10.74,2.98,64.0,1010.7,20.5,1.5,recent_observation,IMD GeoServer (imd:aws_data_layer),STALE
55D00E32,SRINAGAR_ARG,AWS,30.22,78.77,2026-09-01T06:59:04+00:00,2026-09-01T07:07:58.815949+00:00,27.4,26.3,36.6,,9.82,2.73,,,0.0,4.0,recent_observation,IMD GeoServer (imd:aws_data_layer),LIVE
46831B6A,SULT,AWS,29.6893,79.1583,2026-03-13T04:08:19+00:00,2026-09-01T07:07:58.815949+00:00,17.1,22.7,23.2,12.0,13.15,3.65,34.0,,12.7,0.0,recent_observation,IMD GeoServer (imd:aws_data_layer),STALE
46818BFC,SYUNSI,AWS,29.8928,79.0258,2026-03-13T04:08:18+00:00,2026-09-01T07:07:58.815949+00:00,11.3,19.5,20.2,16.0,11.67,3.24,19.0,1075.6,17.7,0.0,recent_observation,IMD GeoServer (imd:aws_data_layer),STALE
4682F4B0,TAKULA,AWS,29.7336,79.7023,2026-03-13T04:08:19+00:00,2026-09-01T07:07:58.815949+00:00,10.5,20.5,21.7,24.0,3.7,1.03,39.0,,11.0,0.0,recent_observation,IMD GeoServer (imd:aws_data_layer),STALE
4683C3D0,TANAKPUR,AWS,29.0733,80.1118,2026-03-13T04:08:20+00:00,2026-09-01T07:07:58.815949+00:00,19.7,30.6,31.2,17.0,11.3,3.14,13.0,997.9,19.3,0.0,recent_observation,IMD GeoServer (imd:aws_data_layer),STALE
468222D8,TAPOVAN,AWS,30.4928,79.6315,2026-03-13T04:08:19+00:00,2026-09-01T07:07:58.815949+00:00,-0.7,20.2,20.7,19.0,15.19,4.22,69.0,,2.4,0.0,recent_observation,IMD GeoServer (imd:aws_data_layer),STALE
468175AA,THAILISAIN,AWS,30.0207,79.048,2026-03-13T04:08:18+00:00,2026-09-01T07:07:58.815949+00:00,9.2,14.6,14.8,19.0,10.74,2.98,25.0,,14.6,0.0,recent_observation,IMD GeoServer (imd:aws_data_layer),STALE
46827C76,THARALI,AWS,30.1504,79.4087,2026-03-13T04:08:19+00:00,2026-09-01T07:07:58.815949+00:00,9.0,20.7,21.6,13.0,11.48,3.19,30.0,1080.2,21.3,0.5,recent_observation,IMD GeoServer (imd:aws_data_layer),STALE
UTWAI000,TH_KOSIYAKUTOLI,AWS,29.49,79.47,2026-09-01T06:59:04+00:00,2026-09-01T07:07:58.815949+00:00,25.4,29.1,38.8,100.0,1.85,0.51,90.0,961.3,0.0,42.5,recent_observation,IMD GeoServer (imd:aws_data_layer),LIVE
42114,Tehri,SYNOP,30.4,78.48,2026-09-01T06:24:03+00:00,2026-09-01T07:07:58.815949+00:00,19.2,,,98.0,3.7,1.03,270.0,,18.9,0.0,24h,IMD GeoServer (imd:synop_data_layer),LIVE
UPUCE000,UCHETI,AWS,28.8683,78.6659,2026-09-01T06:59:04+00:00,2026-09-01T07:07:58.815949+00:00,26.9,26.1,31.7,100.0,5.56,1.54,230.0,1005.7,0.0,2.0,recent_observation,IMD GeoServer (imd:aws_data_layer),LIVE
46859362,UCOST,AWS,30.3371,77.9201,2026-03-13T04:08:21+00:00,2026-09-01T07:07:58.815949+00:00,19.4,32.2,32.7,27.0,12.59,3.5,39.0,985.1,17.3,0.0,recent_observation,IMD GeoServer (imd:aws_data_layer),STALE
46828220,UKHIMATH,AWS,30.5182,79.0999,2026-03-13T04:08:19+00:00,2026-09-01T07:07:58.815949+00:00,9.2,15.6,16.0,17.0,11.85,3.29,22.0,,11.2,5.0,recent_observation,IMD GeoServer (imd:aws_data_layer),STALE
468166DC,YAMKESHWAR,AWS,29.9775,78.4187,2026-03-13T04:08:18+00:00,2026-09-01T07:07:58.815949+00:00,20.8,25.2,26.2,15.0,11.85,3.29,45.0,,19.0,0.0,recent_observation,IMD GeoServer (imd:aws_data_layer),STALE
