event_id,source_product,source_version,granule_or_file,observation_start,observation_end,download_status,coverage_status,missing_fraction
FL-UK-1970-01,GPM_3IMERGHH_07,V07B,N/A,1970-07-20T00:00:00,1970-07-20T23:59:59,UNAVAILABLE,PRE_SATELLITE_ERA_UNAVAILABLE,1.0
FL-UK-1998-01,GPM_3IMERGHH_07,V07B,3B-HHR.MS.MRG.3IMERG.19980811-S000000-E002959.0000.V07B.HDF5,1998-08-11T00:00:00,1998-08-11T00:00:00,SUCCESS,COVERAGE_AVAILABLE,0.0
FL-UK-1998-01,GPM_3IMERGHH_07,V07B,3B-HHR.MS.MRG.3IMERG.19980811-S040000-E042959.0240.V07B.HDF5,1998-08-11T04:00:00,1998-08-11T04:00:00,SUCCESS,COVERAGE_AVAILABLE,0.0
FL-UK-1998-01,GPM_3IMERGHH_07,V07B,3B-HHR.MS.MRG.3IMERG.19980811-S080000-E082959.0480.V07B.HDF5,1998-08-11T08:00:00,1998-08-11T08:00:00,SUCCESS,COVERAGE_AVAILABLE,0.0
FL-UK-1998-01,GPM_3IMERGHH_07,V07B,3B-HHR.MS.MRG.3IMERG.19980811-S120000-E122959.0720.V07B.HDF5,1998-08-11T12:00:00,1998-08-11T12:00:00,SUCCESS,COVERAGE_AVAILABLE,0.0
FL-UK-1998-01,GPM_3IMERGHH_07,V07B,3B-HHR.MS.MRG.3IMERG.19980811-S160000-E162959.0960.V07B.HDF5,1998-08-11T16:00:00,1998-08-11T16:00:00,SUCCESS,COVERAGE_AVAILABLE,0.0
FL-UK-1998-01,GPM_3IMERGHH_07,V07B,3B-HHR.MS.MRG.3IMERG.19980811-S200000-E202959.1200.V07B.HDF5,1998-08-11T20:00:00,1998-08-11T20:00:00,SUCCESS,COVERAGE_AVAILABLE,0.0
FL-UK-1998-02,GPM_3IMERGHH_07,V07B,3B-HHR.MS.MRG.3IMERG.19980818-S000000-E002959.0000.V07B.HDF5,1998-08-18T00:00:00,1998-08-18T00:00:00,SUCCESS,COVERAGE_AVAILABLE,0.0
FL-UK-1998-02,GPM_3IMERGHH_07,V07B,3B-HHR.MS.MRG.3IMERG.19980818-S040000-E042959.0240.V07B.HDF5,1998-08-18T04:00:00,1998-08-18T04:00:00,SUCCESS,COVERAGE_AVAILABLE,0.0
FL-UK-1998-02,GPM_3IMERGHH_07,V07B,3B-HHR.MS.MRG.3IMERG.19980818-S080000-E082959.0480.V07B.HDF5,1998-08-18T08:00:00,1998-08-18T08:00:00,SUCCESS,COVERAGE_AVAILABLE,0.0
FL-UK-1998-02,GPM_3IMERGHH_07,V07B,3B-HHR.MS.MRG.3IMERG.19980818-S120000-E122959.0720.V07B.HDF5,1998-08-18T12:00:00,1998-08-18T12:00:00,SUCCESS,COVERAGE_AVAILABLE,0.0
FL-UK-1998-02,GPM_3IMERGHH_07,V07B,3B-HHR.MS.MRG.3IMERG.19980818-S160000-E162959.0960.V07B.HDF5,1998-08-18T16:00:00,1998-08-18T16:00:00,SUCCESS,COVERAGE_AVAILABLE,0.0
FL-UK-1998-02,GPM_3IMERGHH_07,V07B,3B-HHR.MS.MRG.3IMERG.19980818-S200000-E202959.1200.V07B.HDF5,1998-08-18T20:00:00,1998-08-18T20:00:00,SUCCESS,COVERAGE_AVAILABLE,0.0
FL-UK-2010-01,GPM_3IMERGHH_07,V07B,3B-HHR.MS.MRG.3IMERG.20100918-S000000-E002959.0000.V07B.HDF5,2010-09-18T00:00:00,2010-09-18T00:00:00,SUCCESS,COVERAGE_AVAILABLE,0.0
FL-UK-2010-01,GPM_3IMERGHH_07,V07B,3B-HHR.MS.MRG.3IMERG.20100918-S040000-E042959.0240.V07B.HDF5,2010-09-18T04:00:00,2010-09-18T04:00:00,SUCCESS,COVERAGE_AVAILABLE,0.0
FL-UK-2010-01,GPM_3IMERGHH_07,V07B,3B-HHR.MS.MRG.3IMERG.20100918-S080000-E082959.0480.V07B.HDF5,2010-09-18T08:00:00,2010-09-18T08:00:00,SUCCESS,COVERAGE_AVAILABLE,0.0
FL-UK-2010-01,GPM_3IMERGHH_07,V07B,3B-HHR.MS.MRG.3IMERG.20100918-S120000-E122959.0720.V07B.HDF5,2010-09-18T12:00:00,2010-09-18T12:00:00,SUCCESS,COVERAGE_AVAILABLE,0.0
FL-UK-2010-01,GPM_3IMERGHH_07,V07B,3B-HHR.MS.MRG.3IMERG.20100918-S160000-E162959.0960.V07B.HDF5,2010-09-18T16:00:00,2010-09-18T16:00:00,SUCCESS,COVERAGE_AVAILABLE,0.0
FL-UK-2010-01,GPM_3IMERGHH_07,V07B,3B-HHR.MS.MRG.3IMERG.20100918-S200000-E202959.1200.V07B.HDF5,2010-09-18T20:00:00,2010-09-18T20:00:00,SUCCESS,COVERAGE_AVAILABLE,0.0
FL-UK-2012-01,GPM_3IMERGHH_07,V07B,3B-HHR.MS.MRG.3IMERG.20120803-S000000-E002959.0000.V07B.HDF5,2012-08-03T00:00:00,2012-08-03T00:00:00,SUCCESS,COVERAGE_AVAILABLE,0.0
FL-UK-2012-01,GPM_3IMERGHH_07,V07B,3B-HHR.MS.MRG.3IMERG.20120803-S040000-E042959.0240.V07B.HDF5,2012-08-03T04:00:00,2012-08-03T04:00:00,SUCCESS,COVERAGE_AVAILABLE,0.0
FL-UK-2012-01,GPM_3IMERGHH_07,V07B,3B-HHR.MS.MRG.3IMERG.20120803-S080000-E082959.0480.V07B.HDF5,2012-08-03T08:00:00,2012-08-03T08:00:00,SUCCESS,COVERAGE_AVAILABLE,0.0
FL-UK-2012-01,GPM_3IMERGHH_07,V07B,3B-HHR.MS.MRG.3IMERG.20120803-S120000-E122959.0720.V07B.HDF5,2012-08-03T12:00:00,2012-08-03T12:00:00,SUCCESS,COVERAGE_AVAILABLE,0.0
FL-UK-2012-01,GPM_3IMERGHH_07,V07B,3B-HHR.MS.MRG.3IMERG.20120803-S160000-E162959.0960.V07B.HDF5,2012-08-03T16:00:00,2012-08-03T16:00:00,SUCCESS,COVERAGE_AVAILABLE,0.0
FL-UK-2012-01,GPM_3IMERGHH_07,V07B,3B-HHR.MS.MRG.3IMERG.20120803-S200000-E202959.1200.V07B.HDF5,2012-08-03T20:00:00,2012-08-03T20:00:00,SUCCESS,COVERAGE_AVAILABLE,0.0
FL-UK-2012-02,GPM_3IMERGHH_07,V07B,3B-HHR.MS.MRG.3IMERG.20120913-S000000-E002959.0000.V07B.HDF5,2012-09-13T00:00:00,2012-09-13T00:00:00,SUCCESS,COVERAGE_AVAILABLE,0.0
FL-UK-2012-02,GPM_3IMERGHH_07,V07B,3B-HHR.MS.MRG.3IMERG.20120913-S040000-E042959.0240.V07B.HDF5,2012-09-13T04:00:00,2012-09-13T04:00:00,SUCCESS,COVERAGE_AVAILABLE,0.0
FL-UK-2012-02,GPM_3IMERGHH_07,V07B,3B-HHR.MS.MRG.3IMERG.20120913-S080000-E082959.0480.V07B.HDF5,2012-09-13T08:00:00,2012-09-13T08:00:00,SUCCESS,COVERAGE_AVAILABLE,0.0
FL-UK-2012-02,GPM_3IMERGHH_07,V07B,3B-HHR.MS.MRG.3IMERG.20120913-S120000-E122959.0720.V07B.HDF5,2012-09-13T12:00:00,2012-09-13T12:00:00,SUCCESS,COVERAGE_AVAILABLE,0.0
FL-UK-2012-02,GPM_3IMERGHH_07,V07B,3B-HHR.MS.MRG.3IMERG.20120913-S160000-E162959.0960.V07B.HDF5,2012-09-13T16:00:00,2012-09-13T16:00:00,SUCCESS,COVERAGE_AVAILABLE,0.0
FL-UK-2012-02,GPM_3IMERGHH_07,V07B,3B-HHR.MS.MRG.3IMERG.20120913-S200000-E202959.1200.V07B.HDF5,2012-09-13T20:00:00,2012-09-13T20:00:00,SUCCESS,COVERAGE_AVAILABLE,0.0
FL-UK-2013-01,GPM_3IMERGHH_07,V07B,3B-HHR.MS.MRG.3IMERG.20130616-S000000-E002959.0000.V07B.HDF5,2013-06-16T00:00:00,2013-06-16T00:00:00,SUCCESS,COVERAGE_AVAILABLE,0.0
FL-UK-2013-01,GPM_3IMERGHH_07,V07B,3B-HHR.MS.MRG.3IMERG.20130616-S040000-E042959.0240.V07B.HDF5,2013-06-16T04:00:00,2013-06-16T04:00:00,SUCCESS,COVERAGE_AVAILABLE,0.0
FL-UK-2013-01,GPM_3IMERGHH_07,V07B,3B-HHR.MS.MRG.3IMERG.20130616-S080000-E082959.0480.V07B.HDF5,2013-06-16T08:00:00,2013-06-16T08:00:00,SUCCESS,COVERAGE_AVAILABLE,0.0
FL-UK-2013-01,GPM_3IMERGHH_07,V07B,3B-HHR.MS.MRG.3IMERG.20130616-S120000-E122959.0720.V07B.HDF5,2013-06-16T12:00:00,2013-06-16T12:00:00,SUCCESS,COVERAGE_AVAILABLE,0.0
FL-UK-2013-01,GPM_3IMERGHH_07,V07B,3B-HHR.MS.MRG.3IMERG.20130616-S160000-E162959.0960.V07B.HDF5,2013-06-16T16:00:00,2013-06-16T16:00:00,SUCCESS,COVERAGE_AVAILABLE,0.0
FL-UK-2013-01,GPM_3IMERGHH_07,V07B,3B-HHR.MS.MRG.3IMERG.20130616-S200000-E202959.1200.V07B.HDF5,2013-06-16T20:00:00,2013-06-16T20:00:00,SUCCESS,COVERAGE_AVAILABLE,0.0
FL-UK-2016-01,GPM_3IMERGHH_07,V07B,3B-HHR.MS.MRG.3IMERG.20160701-S000000-E002959.0000.V07B.HDF5,2016-07-01T00:00:00,2016-07-01T00:00:00,SUCCESS,COVERAGE_AVAILABLE,0.0
FL-UK-2016-01,GPM_3IMERGHH_07,V07B,3B-HHR.MS.MRG.3IMERG.20160701-S040000-E042959.0240.V07B.HDF5,2016-07-01T04:00:00,2016-07-01T04:00:00,SUCCESS,COVERAGE_AVAILABLE,0.0
FL-UK-2016-01,GPM_3IMERGHH_07,V07B,3B-HHR.MS.MRG.3IMERG.20160701-S080000-E082959.0480.V07B.HDF5,2016-07-01T08:00:00,2016-07-01T08:00:00,SUCCESS,COVERAGE_AVAILABLE,0.0
FL-UK-2016-01,GPM_3IMERGHH_07,V07B,3B-HHR.MS.MRG.3IMERG.20160701-S120000-E122959.0720.V07B.HDF5,2016-07-01T12:00:00,2016-07-01T12:00:00,SUCCESS,COVERAGE_AVAILABLE,0.0
FL-UK-2016-01,GPM_3IMERGHH_07,V07B,3B-HHR.MS.MRG.3IMERG.20160701-S160000-E162959.0960.V07B.HDF5,2016-07-01T16:00:00,2016-07-01T16:00:00,SUCCESS,COVERAGE_AVAILABLE,0.0
FL-UK-2016-01,GPM_3IMERGHH_07,V07B,3B-HHR.MS.MRG.3IMERG.20160701-S200000-E202959.1200.V07B.HDF5,2016-07-01T20:00:00,2016-07-01T20:00:00,SUCCESS,COVERAGE_AVAILABLE,0.0
FL-UK-2019-01,GPM_3IMERGHH_07,V07B,3B-HHR.MS.MRG.3IMERG.20190818-S000000-E002959.0000.V07B.HDF5,2019-08-18T00:00:00,2019-08-18T00:00:00,SUCCESS,COVERAGE_AVAILABLE,0.0
FL-UK-2019-01,GPM_3IMERGHH_07,V07B,3B-HHR.MS.MRG.3IMERG.20190818-S040000-E042959.0240.V07B.HDF5,2019-08-18T04:00:00,2019-08-18T04:00:00,SUCCESS,COVERAGE_AVAILABLE,0.0
FL-UK-2019-01,GPM_3IMERGHH_07,V07B,3B-HHR.MS.MRG.3IMERG.20190818-S080000-E082959.0480.V07B.HDF5,2019-08-18T08:00:00,2019-08-18T08:00:00,SUCCESS,COVERAGE_AVAILABLE,0.0
FL-UK-2019-01,GPM_3IMERGHH_07,V07B,3B-HHR.MS.MRG.3IMERG.20190818-S120000-E122959.0720.V07B.HDF5,2019-08-18T12:00:00,2019-08-18T12:00:00,SUCCESS,COVERAGE_AVAILABLE,0.0
FL-UK-2019-01,GPM_3IMERGHH_07,V07B,3B-HHR.MS.MRG.3IMERG.20190818-S160000-E162959.0960.V07B.HDF5,2019-08-18T16:00:00,2019-08-18T16:00:00,SUCCESS,COVERAGE_AVAILABLE,0.0
FL-UK-2019-01,GPM_3IMERGHH_07,V07B,3B-HHR.MS.MRG.3IMERG.20190818-S200000-E202959.1200.V07B.HDF5,2019-08-18T20:00:00,2019-08-18T20:00:00,SUCCESS,COVERAGE_AVAILABLE,0.0
FL-UK-2021-01,GPM_3IMERGHH_07,V07B,3B-HHR.MS.MRG.3IMERG.20210207-S000000-E002959.0000.V07B.HDF5,2021-02-07T00:00:00,2021-02-07T00:00:00,SUCCESS,COVERAGE_AVAILABLE,0.0
FL-UK-2021-01,GPM_3IMERGHH_07,V07B,3B-HHR.MS.MRG.3IMERG.20210207-S040000-E042959.0240.V07B.HDF5,2021-02-07T04:00:00,2021-02-07T04:00:00,SUCCESS,COVERAGE_AVAILABLE,0.0
FL-UK-2021-01,GPM_3IMERGHH_07,V07B,3B-HHR.MS.MRG.3IMERG.20210207-S080000-E082959.0480.V07B.HDF5,2021-02-07T08:00:00,2021-02-07T08:00:00,SUCCESS,COVERAGE_AVAILABLE,0.0
FL-UK-2021-01,GPM_3IMERGHH_07,V07B,3B-HHR.MS.MRG.3IMERG.20210207-S120000-E122959.0720.V07B.HDF5,2021-02-07T12:00:00,2021-02-07T12:00:00,SUCCESS,COVERAGE_AVAILABLE,0.0
FL-UK-2021-01,GPM_3IMERGHH_07,V07B,3B-HHR.MS.MRG.3IMERG.20210207-S160000-E162959.0960.V07B.HDF5,2021-02-07T16:00:00,2021-02-07T16:00:00,SUCCESS,COVERAGE_AVAILABLE,0.0
FL-UK-2021-01,GPM_3IMERGHH_07,V07B,3B-HHR.MS.MRG.3IMERG.20210207-S200000-E202959.1200.V07B.HDF5,2021-02-07T20:00:00,2021-02-07T20:00:00,SUCCESS,COVERAGE_AVAILABLE,0.0
FL-UK-2021-02,GPM_3IMERGHH_07,V07B,3B-HHR.MS.MRG.3IMERG.20211018-S000000-E002959.0000.V07B.HDF5,2021-10-18T00:00:00,2021-10-18T00:00:00,SUCCESS,COVERAGE_AVAILABLE,0.0
FL-UK-2021-02,GPM_3IMERGHH_07,V07B,3B-HHR.MS.MRG.3IMERG.20211018-S040000-E042959.0240.V07B.HDF5,2021-10-18T04:00:00,2021-10-18T04:00:00,SUCCESS,COVERAGE_AVAILABLE,0.0
FL-UK-2021-02,GPM_3IMERGHH_07,V07B,3B-HHR.MS.MRG.3IMERG.20211018-S080000-E082959.0480.V07B.HDF5,2021-10-18T08:00:00,2021-10-18T08:00:00,SUCCESS,COVERAGE_AVAILABLE,0.0
FL-UK-2021-02,GPM_3IMERGHH_07,V07B,3B-HHR.MS.MRG.3IMERG.20211018-S120000-E122959.0720.V07B.HDF5,2021-10-18T12:00:00,2021-10-18T12:00:00,SUCCESS,COVERAGE_AVAILABLE,0.0
FL-UK-2021-02,GPM_3IMERGHH_07,V07B,3B-HHR.MS.MRG.3IMERG.20211018-S160000-E162959.0960.V07B.HDF5,2021-10-18T16:00:00,2021-10-18T16:00:00,SUCCESS,COVERAGE_AVAILABLE,0.0
FL-UK-2021-02,GPM_3IMERGHH_07,V07B,3B-HHR.MS.MRG.3IMERG.20211018-S200000-E202959.1200.V07B.HDF5,2021-10-18T20:00:00,2021-10-18T20:00:00,SUCCESS,COVERAGE_AVAILABLE,0.0
FL-UK-2022-01,GPM_3IMERGHH_07,V07B,3B-HHR.MS.MRG.3IMERG.20220819-S000000-E002959.0000.V07B.HDF5,2022-08-19T00:00:00,2022-08-19T00:00:00,SUCCESS,COVERAGE_AVAILABLE,0.0
FL-UK-2022-01,GPM_3IMERGHH_07,V07B,3B-HHR.MS.MRG.3IMERG.20220819-S040000-E042959.0240.V07B.HDF5,2022-08-19T04:00:00,2022-08-19T04:00:00,SUCCESS,COVERAGE_AVAILABLE,0.0
FL-UK-2022-01,GPM_3IMERGHH_07,V07B,3B-HHR.MS.MRG.3IMERG.20220819-S080000-E082959.0480.V07B.HDF5,2022-08-19T08:00:00,2022-08-19T08:00:00,SUCCESS,COVERAGE_AVAILABLE,0.0
FL-UK-2022-01,GPM_3IMERGHH_07,V07B,3B-HHR.MS.MRG.3IMERG.20220819-S120000-E122959.0720.V07B.HDF5,2022-08-19T12:00:00,2022-08-19T12:00:00,SUCCESS,COVERAGE_AVAILABLE,0.0
FL-UK-2022-01,GPM_3IMERGHH_07,V07B,3B-HHR.MS.MRG.3IMERG.20220819-S160000-E162959.0960.V07B.HDF5,2022-08-19T16:00:00,2022-08-19T16:00:00,SUCCESS,COVERAGE_AVAILABLE,0.0
FL-UK-2022-01,GPM_3IMERGHH_07,V07B,3B-HHR.MS.MRG.3IMERG.20220819-S200000-E202959.1200.V07B.HDF5,2022-08-19T20:00:00,2022-08-19T20:00:00,SUCCESS,COVERAGE_AVAILABLE,0.0
FL-UK-2023-01,GPM_3IMERGHH_07,V07B,3B-HHR.MS.MRG.3IMERG.20230804-S000000-E002959.0000.V07B.HDF5,2023-08-04T00:00:00,2023-08-04T00:00:00,SUCCESS,COVERAGE_AVAILABLE,0.0
FL-UK-2023-01,GPM_3IMERGHH_07,V07B,3B-HHR.MS.MRG.3IMERG.20230804-S040000-E042959.0240.V07B.HDF5,2023-08-04T04:00:00,2023-08-04T04:00:00,SUCCESS,COVERAGE_AVAILABLE,0.0
FL-UK-2023-01,GPM_3IMERGHH_07,V07B,3B-HHR.MS.MRG.3IMERG.20230804-S080000-E082959.0480.V07B.HDF5,2023-08-04T08:00:00,2023-08-04T08:00:00,SUCCESS,COVERAGE_AVAILABLE,0.0
FL-UK-2023-01,GPM_3IMERGHH_07,V07B,3B-HHR.MS.MRG.3IMERG.20230804-S120000-E122959.0720.V07B.HDF5,2023-08-04T12:00:00,2023-08-04T12:00:00,SUCCESS,COVERAGE_AVAILABLE,0.0
FL-UK-2023-01,GPM_3IMERGHH_07,V07B,3B-HHR.MS.MRG.3IMERG.20230804-S160000-E162959.0960.V07B.HDF5,2023-08-04T16:00:00,2023-08-04T16:00:00,SUCCESS,COVERAGE_AVAILABLE,0.0
FL-UK-2023-01,GPM_3IMERGHH_07,V07B,3B-HHR.MS.MRG.3IMERG.20230804-S200000-E202959.1200.V07B.HDF5,2023-08-04T20:00:00,2023-08-04T20:00:00,SUCCESS,COVERAGE_AVAILABLE,0.0
FL-UK-2023-02,GPM_3IMERGHH_07,V07B,3B-HHR.MS.MRG.3IMERG.20230814-S000000-E002959.0000.V07B.HDF5,2023-08-14T00:00:00,2023-08-14T00:00:00,SUCCESS,COVERAGE_AVAILABLE,0.0
FL-UK-2023-02,GPM_3IMERGHH_07,V07B,3B-HHR.MS.MRG.3IMERG.20230814-S040000-E042959.0240.V07B.HDF5,2023-08-14T04:00:00,2023-08-14T04:00:00,SUCCESS,COVERAGE_AVAILABLE,0.0
FL-UK-2023-02,GPM_3IMERGHH_07,V07B,3B-HHR.MS.MRG.3IMERG.20230814-S080000-E082959.0480.V07B.HDF5,2023-08-14T08:00:00,2023-08-14T08:00:00,SUCCESS,COVERAGE_AVAILABLE,0.0
FL-UK-2023-02,GPM_3IMERGHH_07,V07B,3B-HHR.MS.MRG.3IMERG.20230814-S120000-E122959.0720.V07B.HDF5,2023-08-14T12:00:00,2023-08-14T12:00:00,SUCCESS,COVERAGE_AVAILABLE,0.0
FL-UK-2023-02,GPM_3IMERGHH_07,V07B,3B-HHR.MS.MRG.3IMERG.20230814-S160000-E162959.0960.V07B.HDF5,2023-08-14T16:00:00,2023-08-14T16:00:00,SUCCESS,COVERAGE_AVAILABLE,0.0
FL-UK-2023-02,GPM_3IMERGHH_07,V07B,3B-HHR.MS.MRG.3IMERG.20230814-S200000-E202959.1200.V07B.HDF5,2023-08-14T20:00:00,2023-08-14T20:00:00,SUCCESS,COVERAGE_AVAILABLE,0.0
FL-UK-2024-01,GPM_3IMERGHH_07,V07B,3B-HHR.MS.MRG.3IMERG.20240731-S000000-E002959.0000.V07B.HDF5,2024-07-31T00:00:00,2024-07-31T00:00:00,SUCCESS,COVERAGE_AVAILABLE,0.0
FL-UK-2024-01,GPM_3IMERGHH_07,V07B,3B-HHR.MS.MRG.3IMERG.20240731-S040000-E042959.0240.V07B.HDF5,2024-07-31T04:00:00,2024-07-31T04:00:00,SUCCESS,COVERAGE_AVAILABLE,0.0
FL-UK-2024-01,GPM_3IMERGHH_07,V07B,3B-HHR.MS.MRG.3IMERG.20240731-S080000-E082959.0480.V07B.HDF5,2024-07-31T08:00:00,2024-07-31T08:00:00,SUCCESS,COVERAGE_AVAILABLE,0.0
FL-UK-2024-01,GPM_3IMERGHH_07,V07B,3B-HHR.MS.MRG.3IMERG.20240731-S120000-E122959.0720.V07B.HDF5,2024-07-31T12:00:00,2024-07-31T12:00:00,SUCCESS,COVERAGE_AVAILABLE,0.0
FL-UK-2024-01,GPM_3IMERGHH_07,V07B,3B-HHR.MS.MRG.3IMERG.20240731-S160000-E162959.0960.V07B.HDF5,2024-07-31T16:00:00,2024-07-31T16:00:00,SUCCESS,COVERAGE_AVAILABLE,0.0
FL-UK-2024-01,GPM_3IMERGHH_07,V07B,3B-HHR.MS.MRG.3IMERG.20240731-S200000-E202959.1200.V07B.HDF5,2024-07-31T20:00:00,2024-07-31T20:00:00,SUCCESS,COVERAGE_AVAILABLE,0.0
