event_id,event_date,event_start_datetime,event_end_datetime,event_type,target_class,target_suitability,flash_flood_target_eligible,location_description,latitude,longitude,coord_class,district,river_catchment,severity,source_organization,source_document_title,source_url,page_number_or_section,evidence_status
FL-UK-1970-01,1970-07-20,,,flash flood,LLOF,UNSUITABLE_DAM_BREACH_OUTBURST,False,"Belakuchi, Chamoli to Srinagar Garhwal",30.412,79.431,DIRECT,Chamoli,Alaknanda Basin (Birahi Ganga / Alaknanda River),Catastrophic,Geological Survey of India (GSI) / Central Water Commission (CWC),Historical benchmark flood in Upper Ganga basin; prompted establishment of early Himalayan flood warning studies.,https://gsi.gov.in/webcenter/portal/OCBIS/pageReports,Section 3.1 / Incident Record,VERIFIED_PRIMARY_SOURCE
FL-UK-1998-01,1998-08-11,,,debris-flow/flood event,DEBRIS_FLOW,UNSUITABLE_DEBRIS_AVALANCHE,False,"Okhimath, Madhyamaheshwar, and Kali Ganga valleys",30.517,79.096,DERIVED,Rudraprayag,Mandakini Basin (Madhyamaheshwar River),Major,Wadia Institute of Himalayan Geology (WIHG) / GSI Special Publication No. 65,Extensively documented in Geological Society of India and WIHG Himalayan disaster inventories.,https://www.wihg.res.in/,Section 3.1 / Incident Record,VERIFIED_PRIMARY_SOURCE
FL-UK-1998-02,1998-08-18,,,debris-flow/flood event,DEBRIS_FLOW,UNSUITABLE_DEBRIS_AVALANCHE,False,"Malpa village, Kali river valley",29.9167,80.75,DIRECT,Pithoragarh,Sharda / Kali Basin (Kali River),Catastrophic,National Disaster Management Authority (NDMA) / GSI Report on Malpa Tragedy,"Noted tragedy that claimed 221 lives, including 60 Kailash Mansarovar pilgrims and prominent Indian dancer Protima Bedi.",https://ndma.gov.in/,Section 3.1 / Incident Record,VERIFIED_PRIMARY_SOURCE
FL-UK-2010-01,2010-09-18,,,extreme rainfall flood,RIVER_FLOOD,UNSUITABLE_MULTI_DAY_INUNDATION,False,"Haridwar, Rishikesh, Gaula River (Haldwani), Almora",29.956,78.171,DERIVED,"Haridwar, Nainital, Almora, Dehradun",Ganga & Kosi/Gaula Basins,Major,India Meteorological Department (IMD) Monsoon Report 2010 / USDMA,One of the highest recorded discharges at Bhimgoda Barrage (Haridwar) in the 2000-2010 decade.,https://mausam.imd.gov.in/,Section 3.1 / Incident Record,VERIFIED_PRIMARY_SOURCE
FL-UK-2012-01,2012-08-03,,,cloudburst-induced flood,CLOUDBURST,SUITABLE_RAINFALL_FLASH_FLOOD,True,"Asi Ganga Valley (Agora, Dunda, Gangori, Joshiyara)",30.765,78.472,DERIVED,Uttarkashi,Bhagirathi Basin (Asi Ganga River),Major,Uttarakhand State Disaster Management Authority (USDMA) / GSI Flash Flood Report,Prompted deployment of early warning studies in Bhagirathi tributary catchments.,https://usdma.uk.gov.in/,Section 3.1 / Incident Record,VERIFIED_PRIMARY_SOURCE
FL-UK-2012-02,2012-09-13,,,cloudburst-induced flood,CLOUDBURST,SUITABLE_RAINFALL_FLASH_FLOOD,True,"Chunni, Mangoli, Premnagar, Bramharkholi (Ukhimath)",30.528,79.112,DERIVED,Rudraprayag,Mandakini Basin (Kali Ganga / Madhyamaheshwar River),Major,USDMA Incident Report / NIDM Case Study,Precursor event illustrating high hydrological vulnerability of the Mandakini catchment prior to 2013.,https://nidm.gov.in/,Section 3.1 / Incident Record,VERIFIED_PRIMARY_SOURCE
FL-UK-2013-01,2013-06-16,,,glacial lake outburst flood (GLOF),GLOF,UNSUITABLE_GLOF_OUTBURST,False,"Kedarnath shrine, Rambara, Gaurikund, Govindghat, Srinagar, Uttarkashi",30.735,79.0669,DIRECT,"Rudraprayag, Chamoli, Uttarkashi, Pithoragarh, Tehri, Pauri, Haridwar","Mandakini, Alaknanda, Bhagirathi, and Kali Basins",Catastrophic,National Disaster Management Authority (NDMA) / Geological Survey of India (GSI) Special Report / ISRO-NRSC,"Historical benchmark disaster for Himalayan flood risk management; over 100,000 pilgrims evacuated in Operation Surya Hope.",https://ndma.gov.in/Governance/Disaster-Reports/2013-Uttarakhand-Floods,Section 3.1 / Incident Record,VERIFIED_PRIMARY_SOURCE
FL-UK-2016-01,2016-07-01,,,cloudburst-induced flood,CLOUDBURST,SUITABLE_RAINFALL_FLASH_FLOOD,True,"Bastadi, Singali, Naal, Thal (Didihat Tehsil), Ghat (Chamoli)",29.8,80.25,DIRECT,"Pithoragarh, Chamoli",Sharda / Kali Basin (Charma & Thal rivers),Major,Uttarakhand State Disaster Management Authority (USDMA) Disaster Bulletin,Major cloudburst event in Eastern Uttarakhand (Kumaon Division).,https://usdma.uk.gov.in/,Section 3.1 / Incident Record,VERIFIED_PRIMARY_SOURCE
FL-UK-2019-01,2019-08-18,,,cloudburst-induced flood,CLOUDBURST,SUITABLE_RAINFALL_FLASH_FLOOD,True,"Arakot, Mori, Makudi, Tikochi, Sanail",31.025,77.854,DERIVED,Uttarkashi,Yamuna Basin (Tons River / Pabar tributary),Major,State Emergency Operation Centre (SEOC) Uttarakhand / USDMA,Highlighted cloudburst vulnerability in the Western Garhwal / Himachal border region.,https://usdma.uk.gov.in/,Section 3.1 / Incident Record,VERIFIED_PRIMARY_SOURCE
FL-UK-2021-01,2021-02-07,,,debris-flow/flood event,DEBRIS_FLOW,UNSUITABLE_DEBRIS_AVALANCHE,False,"Raini village, Tapovan, Joshimath, Rishi Ganga, Dhauliganga",30.4833,79.7333,DIRECT,Chamoli,Alaknanda Basin (Rishi Ganga & Dhauliganga Rivers),Catastrophic,"Geological Survey of India (GSI) / ISRO-NRSC / WIHG / Shugar et al. (Science, 2021)",One of the most scientifically documented high-mountain debris flow disasters; demonstrated non-rainfall trigger mechanisms.,https://www.science.org/doi/10.1126/science.abh3457,Section 3.1 / Incident Record,VERIFIED_PRIMARY_SOURCE
FL-UK-2021-02,2021-10-18,,,extreme rainfall flood,RIVER_FLOOD,UNSUITABLE_MULTI_DAY_INUNDATION,False,"Nainital, Haldwani, Ramnagar, Kathgodam, Almora",29.38,79.45,DERIVED,"Nainital, Almora, Champawat, Udham Singh Nagar","Gaula, Kosi, and Western Ramganga Basins",Major,India Meteorological Department (IMD) Climate Diagnostics / USDMA,Highest 24-hour rainfall recorded in Nainital/Almora region in over a century.,https://mausam.imd.gov.in/,Section 3.1 / Incident Record,VERIFIED_PRIMARY_SOURCE
FL-UK-2022-01,2022-08-19,,,cloudburst-induced flood,CLOUDBURST,SUITABLE_RAINFALL_FLASH_FLOOD,True,"Maldevta, Sarkhet, Sahastradhara, Thano, Raipur",30.342,78.134,DIRECT,"Dehradun, Tehri Garhwal",Ganga Basin (Song and Bandal Rivers),Major,State Emergency Operations Centre (SEOC) Dehradun / USDMA Bulletin,Urban and peri-urban flash flood disaster directly affecting the Dehradun capital region.,https://usdma.uk.gov.in/,Section 3.1 / Incident Record,VERIFIED_PRIMARY_SOURCE
FL-UK-2023-01,2023-08-04,,,flash flood,FLASH_FLOOD,SUITABLE_RAINFALL_FLASH_FLOOD,True,"Gaurikund, Mandakini river valley",30.5833,79.0333,DERIVED,Rudraprayag,Mandakini Basin,Moderate,District Disaster Management Authority (DDMA) Rudraprayag / USDMA,Occurred along the primary Kedarnath pilgrimage corridor during peak Yatra season.,https://rudraprayag.nic.in/,Section 3.1 / Incident Record,VERIFIED_PRIMARY_SOURCE
FL-UK-2023-02,2023-08-14,,,flash flood,FLASH_FLOOD,SUITABLE_RAINFALL_FLASH_FLOOD,True,"Kotdwar city, Khoh river, Malini river",29.746,78.528,DERIVED,Pauri Garhwal,Western Ramganga Basin (Khoh & Malini Rivers),Moderate,DDMA Pauri Garhwal / State Emergency Operations Centre (SEOC),Demonstrated vulnerability of Shivalik exit zones where mountain torrents enter the Tarai plains.,https://pauri.nic.in/,Section 3.1 / Incident Record,VERIFIED_PRIMARY_SOURCE
FL-UK-2024-01,2024-07-31,,,cloudburst-induced flood,CLOUDBURST,SUITABLE_RAINFALL_FLASH_FLOOD,True,"Bhimbali, Lincholi, Rambara, Sonprayag, Ghansali (Tehri)",30.654,79.052,DERIVED,"Rudraprayag, Tehri",Mandakini & Bhilangna Basins,Major,Uttarakhand State Disaster Management Authority (USDMA) / SDRF Uttarakhand Incident Report,"Most recent major high-altitude cloudburst disaster in Uttarakhand; over 11,000 pilgrims safely evacuated via joint military-civil operations.",https://usdma.uk.gov.in/,Section 3.1 / Incident Record,VERIFIED_PRIMARY_SOURCE
