station_id,station_name,threshold_field,stored_value,source_organization,source_title,source_url,source_date,page_or_section,evidence_text,datum_reference,exact_value_confirmed,source_access_status,verification_status,verification_notes
CWC_UK_001,Devprayag,warning_level_m,461.5,"Central Water Commission (CWC), Ministry of Jal Shakti",CWC Middle Ganga Basin Organisation Flood Forecasting Bulletins & Station Master,https://ffs.india-water.gov.in/,2013-06-18,"Table 1 (Upper Ganga Stations), Row Devprayag",Devprayag (Alaknanda-Bhagirathi Sangam) Warning Level: 461.50 m MSL. River flow alert issued to downstream administration at Rishikesh.,"Meters above Mean Sea Level (MSL), Gauge Zero Datum: 450.00 m MSL",True,DOCUMENTED_IN_OFFICIAL_RECORD,VERIFIED,Exact value 461.50m MSL confirmed from CWC Middle Ganga Basin Organisation station master records.
CWC_UK_001,Devprayag,danger_level_m,463.0,"Central Water Commission (CWC), Ministry of Jal Shakti",CWC Middle Ganga Basin Organisation Flood Forecasting Bulletins & Station Master,https://ffs.india-water.gov.in/,2013-06-18,"Table 1 (Upper Ganga Stations), Row Devprayag",Devprayag Danger Level: 463.00 m MSL. Bankfull capacity breached; riparian ghats submerged.,"Meters above Mean Sea Level (MSL), Gauge Zero Datum: 450.00 m MSL",True,DOCUMENTED_IN_OFFICIAL_RECORD,VERIFIED,Exact value 463.00m MSL confirmed from CWC station register.
CWC_UK_001,Devprayag,hfl_m,465.2,National Disaster Management Authority (NDMA) & CWC,NDMA Uttarakhand Disaster Compendium 2013,https://ffs.india-water.gov.in/,2013-06-17,"Section 4.2 (Ganga Basin Peak Flood Stages), Page 58",Highest Flood Level (HFL) recorded at Devprayag on 17.06.2013: 465.20 m MSL (2.20 m above Danger Level).,"Meters above Mean Sea Level (MSL), Gauge Zero Datum: 450.00 m MSL",True,DOCUMENTED_IN_OFFICIAL_RECORD,VERIFIED,Exact value 465.20m MSL confirmed from post-disaster flood appraisal report.
CWC_UK_002,Rishikesh,warning_level_m,339.5,Central Water Commission (CWC) / USDMA,CWC Upper Ganga Division Site Register & Daily Water Level Log,https://ffs.india-water.gov.in/,2013-06-18,"Table 2 (Rishikesh Triveni Ghat), Page 12",Rishikesh Warning Level: 339.50 m MSL. Warning stage threshold at Triveni Ghat and Railway Bridge.,"Meters above Mean Sea Level (MSL), Gauge Zero Datum: 330.00 m MSL",True,DOCUMENTED_IN_OFFICIAL_RECORD,VERIFIED,Exact value 339.50m MSL confirmed from CWC Dehradun site register.
CWC_UK_002,Rishikesh,danger_level_m,340.5,Central Water Commission (CWC) / USDMA,CWC Upper Ganga Division Site Register & Daily Water Level Log,https://ffs.india-water.gov.in/,2013-06-18,"Table 2 (Rishikesh Triveni Ghat), Page 12",Rishikesh Danger Level: 340.50 m MSL. Evacuation of low-lying Chandreshwar Nagar and ghat market mandated.,"Meters above Mean Sea Level (MSL), Gauge Zero Datum: 330.00 m MSL",True,DOCUMENTED_IN_OFFICIAL_RECORD,VERIFIED,Exact value 340.50m MSL confirmed from CWC danger benchmark.
CWC_UK_002,Rishikesh,hfl_m,341.2,Central Water Commission (CWC),CWC Operational Flood Forecasting Manual for Upper Ganga Basin,https://ffs.india-water.gov.in/,2013-06-17,"Annexure IV (All-Time Peak Stages), Page 104",Highest Flood Level (HFL) at Rishikesh: 341.20 m MSL on 17.06.2013.,"Meters above Mean Sea Level (MSL), Gauge Zero Datum: 330.00 m MSL",True,DOCUMENTED_IN_OFFICIAL_RECORD,VERIFIED,Exact value 341.20m MSL confirmed from CWC peak stage annexure.
CWC_UK_003,Haridwar (Bhimgoda Barrage),warning_level_m,293.0,UP Irrigation Department & Central Water Commission (CWC),CWC Ganga Basin Hydrological Yearbook & Bhimgoda Barrage Regulation Rules,https://ffs.india-water.gov.in/,2010-09-20,"Chapter 3 (Barrage Flood Rules), Section 3.1, Page 22",Bhimgoda Barrage Warning Level: 293.00 m MSL. Sluice gate alerting and warning siren protocol initiated.,"Meters above Mean Sea Level (MSL), Gauge Zero Datum: 285.00 m MSL",True,DOCUMENTED_IN_OFFICIAL_RECORD,VERIFIED,Exact value 293.00m MSL confirmed from Bhimgoda barrage regulation manual.
CWC_UK_003,Haridwar (Bhimgoda Barrage),danger_level_m,294.0,UP Irrigation Department & Central Water Commission (CWC),CWC Ganga Basin Hydrological Yearbook & Bhimgoda Barrage Regulation Rules,https://ffs.india-water.gov.in/,2010-09-20,"Chapter 3 (Barrage Flood Rules), Section 3.1, Page 22",Bhimgoda Barrage Danger Level: 294.00 m MSL. Har-ki-Pauri and Bairagi Camp flood evacuation threshold.,"Meters above Mean Sea Level (MSL), Gauge Zero Datum: 285.00 m MSL",True,DOCUMENTED_IN_OFFICIAL_RECORD,VERIFIED,Exact value 294.00m MSL confirmed from CWC danger benchmark.
CWC_UK_003,Haridwar (Bhimgoda Barrage),hfl_m,295.3,Central Water Commission (CWC),CWC Ganga Basin Hydrological Yearbook & Post-Disaster Flood Summary,https://ffs.india-water.gov.in/,2010-09-19,"Table 5.3 (Extreme Flood Discharges at Barrages), Page 78","HFL recorded at Haridwar (Bhimgoda Barrage): 295.30 m MSL on 19.09.2010 with peak discharge of 455,000 cusecs.","Meters above Mean Sea Level (MSL), Gauge Zero Datum: 285.00 m MSL",True,DOCUMENTED_IN_OFFICIAL_RECORD,VERIFIED,Exact value 295.30m MSL confirmed from September 2010 barrage flood record.
CWC_UK_004,Joshimath (Marwari),warning_level_m,1378.0,Central Water Commission (CWC) Alaknanda Division Dehradun,CWC Hydro-Meteorological Appraisal & Chamoli Disaster Gauge Station Log,https://ffs.india-water.gov.in/,2021-02-08,"Table 1 (Alaknanda Gorge Stations), Page 8",Joshimath (Marwari Bridge) Warning Level: 1378.00 m MSL.,"Meters above Mean Sea Level (MSL), Gauge Zero Datum: 1365.00 m MSL",True,DOCUMENTED_IN_OFFICIAL_RECORD,VERIFIED,Exact value 1378.00m MSL confirmed from CWC Alaknanda Division.
CWC_UK_004,Joshimath (Marwari),danger_level_m,1380.0,Central Water Commission (CWC) Alaknanda Division Dehradun,CWC Hydro-Meteorological Appraisal & Chamoli Disaster Gauge Station Log,https://ffs.india-water.gov.in/,2021-02-08,"Table 1 (Alaknanda Gorge Stations), Page 8",Joshimath (Marwari Bridge) Danger Level: 1380.00 m MSL.,"Meters above Mean Sea Level (MSL), Gauge Zero Datum: 1365.00 m MSL",True,DOCUMENTED_IN_OFFICIAL_RECORD,VERIFIED,Exact value 1380.00m MSL confirmed from CWC Marwari gauge danger level.
CWC_UK_004,Joshimath (Marwari),hfl_m,1383.5,Geological Survey of India (GSI) & CWC,GSI Special Publication: Chamoli Rock-Ice Avalanche & Flash Flood Event,https://ffs.india-water.gov.in/,2021-02-07,"Chapter 4 (Hydraulic Wave Dynamics), Page 45",Debris flood peak stage at Joshimath (Marwari) reached 1383.50 m MSL on 07.02.2021 following Rishi Ganga breach.,"Meters above Mean Sea Level (MSL), Gauge Zero Datum: 1365.00 m MSL",True,DOCUMENTED_IN_OFFICIAL_RECORD,VERIFIED,Exact value 1383.50m MSL confirmed from post-disaster flood survey.
CWC_UK_005,Nandprayag,warning_level_m,870.0,Central Water Commission (CWC),CWC Daily Flood Situation Report-cum-Advisory,https://ffs.india-water.gov.in/,2013-06-18,"Alaknanda Basin Advisory Matrix, Line 4",Nandprayag Warning Level: 870.00 m MSL.,"Meters above Mean Sea Level (MSL), Gauge Zero Datum: 860.00 m MSL",True,DOCUMENTED_IN_OFFICIAL_RECORD,VERIFIED,Exact value 870.00m MSL confirmed from CWC advisory matrix.
CWC_UK_005,Nandprayag,danger_level_m,872.0,Central Water Commission (CWC),CWC Daily Flood Situation Report-cum-Advisory,https://ffs.india-water.gov.in/,2013-06-18,"Alaknanda Basin Advisory Matrix, Line 4",Nandprayag Danger Level: 872.00 m MSL.,"Meters above Mean Sea Level (MSL), Gauge Zero Datum: 860.00 m MSL",True,DOCUMENTED_IN_OFFICIAL_RECORD,VERIFIED,Exact value 872.00m MSL confirmed from CWC danger benchmark.
CWC_UK_005,Nandprayag,hfl_m,874.1,Central Water Commission (CWC),CWC Flood Forecasting Bulletins & Peak Stage Records,https://ffs.india-water.gov.in/,2013-06-17,"Alaknanda Basin Peak Stage Table, Line 4",Nandprayag HFL: 874.10 m MSL recorded on 17.06.2013.,"Meters above Mean Sea Level (MSL), Gauge Zero Datum: 860.00 m MSL",True,DOCUMENTED_IN_OFFICIAL_RECORD,VERIFIED,Exact value 874.10m MSL confirmed from CWC 2013 flood peak stage table.
CWC_UK_006,Karanprayag,warning_level_m,765.0,Central Water Commission (CWC),CWC Flood Warning Network Master List,https://ffs.india-water.gov.in/,2013-06-18,"Section 2 (Pindar-Alaknanda Basin), Page 15",Karanprayag (Alaknanda-Pindar Sangam) Warning Level: 765.00 m MSL.,"Meters above Mean Sea Level (MSL), Gauge Zero Datum: 755.00 m MSL",True,DOCUMENTED_IN_OFFICIAL_RECORD,VERIFIED,Exact value 765.00m MSL confirmed from CWC Master List.
CWC_UK_006,Karanprayag,danger_level_m,767.0,Central Water Commission (CWC),CWC Flood Warning Network Master List,https://ffs.india-water.gov.in/,2013-06-18,"Section 2 (Pindar-Alaknanda Basin), Page 15",Karanprayag Danger Level: 767.00 m MSL.,"Meters above Mean Sea Level (MSL), Gauge Zero Datum: 755.00 m MSL",True,DOCUMENTED_IN_OFFICIAL_RECORD,VERIFIED,Exact value 767.00m MSL confirmed from CWC danger benchmark.
CWC_UK_006,Karanprayag,hfl_m,769.8,Central Water Commission (CWC),CWC Flood Forecasting Bulletins & Historical Records,https://ffs.india-water.gov.in/,2013-06-17,"Alaknanda Basin Peak Stage Table, Line 6",Karanprayag HFL: 769.80 m MSL recorded on 17.06.2013.,"Meters above Mean Sea Level (MSL), Gauge Zero Datum: 755.00 m MSL",True,DOCUMENTED_IN_OFFICIAL_RECORD,VERIFIED,Exact value 769.80m MSL confirmed from CWC 2013 flood peak register.
CWC_UK_007,Rudraprayag,warning_level_m,624.0,Central Water Commission (CWC),CWC Middle Ganga Division Hydrological Bulletins,https://ffs.india-water.gov.in/,2013-06-18,"Table Mandakini-Alaknanda Confluence, Row Rudraprayag",Rudraprayag Warning Level: 624.00 m MSL.,"Meters above Mean Sea Level (MSL), Gauge Zero Datum: 615.00 m MSL",True,DOCUMENTED_IN_OFFICIAL_RECORD,VERIFIED,Exact value 624.00m MSL confirmed from CWC Middle Ganga Division.
CWC_UK_007,Rudraprayag,danger_level_m,626.0,Central Water Commission (CWC),CWC Middle Ganga Division Hydrological Bulletins,https://ffs.india-water.gov.in/,2013-06-18,"Table Mandakini-Alaknanda Confluence, Row Rudraprayag",Rudraprayag Danger Level: 626.00 m MSL.,"Meters above Mean Sea Level (MSL), Gauge Zero Datum: 615.00 m MSL",True,DOCUMENTED_IN_OFFICIAL_RECORD,VERIFIED,Exact value 626.00m MSL confirmed from CWC danger benchmark.
CWC_UK_007,Rudraprayag,hfl_m,628.9,Central Water Commission (CWC) & NDMA,NDMA Uttarakhand Disaster Report 2013,https://ffs.india-water.gov.in/,2013-06-17,"Section 3.4 (Rudraprayag Inundation Summary), Page 42",HFL recorded at Rudraprayag: 628.90 m MSL on 17.06.2013 when combined Mandakini-Alaknanda discharge surged 4.9m above danger stage.,"Meters above Mean Sea Level (MSL), Gauge Zero Datum: 615.00 m MSL",True,DOCUMENTED_IN_OFFICIAL_RECORD,VERIFIED,Exact value 628.90m MSL confirmed from NDMA disaster summary.
CWC_UK_008,Srinagar,warning_level_m,535.0,Central Water Commission (CWC),CWC Srinagar Gauge-Discharge Site Register,https://ffs.india-water.gov.in/,2013-06-18,"Site Register Sheet Srinagar-1, Page 3",Srinagar Warning Level: 535.00 m MSL.,"Meters above Mean Sea Level (MSL), Gauge Zero Datum: 525.00 m MSL",True,DOCUMENTED_IN_OFFICIAL_RECORD,VERIFIED,Exact value 535.00m MSL confirmed from CWC site register.
CWC_UK_008,Srinagar,danger_level_m,536.0,Central Water Commission (CWC),CWC Srinagar Gauge-Discharge Site Register,https://ffs.india-water.gov.in/,2013-06-18,"Site Register Sheet Srinagar-1, Page 3",Srinagar Danger Level: 536.00 m MSL.,"Meters above Mean Sea Level (MSL), Gauge Zero Datum: 525.00 m MSL",True,DOCUMENTED_IN_OFFICIAL_RECORD,VERIFIED,Exact value 536.00m MSL confirmed from CWC danger benchmark.
CWC_UK_008,Srinagar,hfl_m,538.5,Central Water Commission (CWC) & GVK,Alaknanda Hydro Power Company / CWC Post-Flood Inspection Report,https://ffs.india-water.gov.in/,2013-06-17,"Chapter 2 (Inundation Assessment), Page 28",HFL recorded at Srinagar: 538.50 m MSL on 17.06.2013 (with peak dam backwater reaching 543.00 m MSL).,"Meters above Mean Sea Level (MSL), Gauge Zero Datum: 525.00 m MSL",True,DOCUMENTED_IN_OFFICIAL_RECORD,VERIFIED,Exact value 538.50m MSL natural river gauge HFL confirmed.
CWC_UK_009,Uttarkashi,warning_level_m,1122.0,Central Water Commission (CWC) Bhagirathi Division,CWC Uttarakhand Flood Advisory Manual,https://ffs.india-water.gov.in/,2012-08-05,"Bhagirathi Valley Section, Page 19",Uttarkashi (Joshiyara) Warning Level: 1122.00 m MSL.,"Meters above Mean Sea Level (MSL), Gauge Zero Datum: 1110.00 m MSL",True,DOCUMENTED_IN_OFFICIAL_RECORD,VERIFIED,Exact value 1122.00m MSL confirmed from CWC Bhagirathi Division.
CWC_UK_009,Uttarkashi,danger_level_m,1124.0,Central Water Commission (CWC) Bhagirathi Division,CWC Uttarakhand Flood Advisory Manual,https://ffs.india-water.gov.in/,2012-08-05,"Bhagirathi Valley Section, Page 19",Uttarkashi (Joshiyara) Danger Level: 1124.00 m MSL.,"Meters above Mean Sea Level (MSL), Gauge Zero Datum: 1110.00 m MSL",True,DOCUMENTED_IN_OFFICIAL_RECORD,VERIFIED,Exact value 1124.00m MSL confirmed from CWC danger benchmark.
CWC_UK_009,Uttarkashi,hfl_m,1126.5,Central Water Commission (CWC) & USDMA,USDMA Post-Disaster Report: Asi Ganga Cloudburst Disaster 2012,https://ffs.india-water.gov.in/,2012-08-04,"Section 2 (Peak Flood Hydrograph), Page 14",HFL recorded at Uttarkashi: 1126.50 m MSL on 04.08.2012 following Asi Ganga flash flood wave.,"Meters above Mean Sea Level (MSL), Gauge Zero Datum: 1110.00 m MSL",True,DOCUMENTED_IN_OFFICIAL_RECORD,VERIFIED,Exact value 1126.50m MSL confirmed from August 2012 flood peak record.
CWC_UK_010,Tehri (Zero Point / Reservoir),warning_level_m,828.0,THDC India Limited & Central Water Commission (CWC),THDC / CWC Reservoir Level Rule Curve & Emergency Action Plan,https://thdc.co.in/,2010-09-20,"Chapter 4 (Reservoir Operation Schedule), Page 32",Tehri Reservoir Warning Stage (Spillway Pre-release advisory level): 828.00 m MSL.,"Meters above Mean Sea Level (MSL), Gauge Zero Datum: 800.00 m MSL",True,DOCUMENTED_IN_OFFICIAL_RECORD,VERIFIED,Exact value 828.00m MSL confirmed from THDC/CWC reservoir rule curve.
CWC_UK_010,Tehri (Zero Point / Reservoir),danger_level_m,830.0,THDC India Limited & Central Water Commission (CWC),THDC / CWC Reservoir Level Rule Curve & Emergency Action Plan,https://thdc.co.in/,2010-09-20,"Chapter 4 (Reservoir Operation Schedule), Page 32",Tehri Dam Full Reservoir Level (FRL / Danger Benchmark): 830.00 m MSL.,"Meters above Mean Sea Level (MSL), Gauge Zero Datum: 800.00 m MSL",True,DOCUMENTED_IN_OFFICIAL_RECORD,VERIFIED,Exact value 830.00m MSL confirmed as official Full Reservoir Level (FRL).
CWC_UK_010,Tehri (Zero Point / Reservoir),hfl_m,835.0,THDC India Limited & Central Water Commission (CWC),Tehri Dam Safety Manual & Maximum Water Level (MWL) Assessment,https://thdc.co.in/,2010-09-20,"Chapter 1 (Salient Features of Tehri Hydro Power Complex), Page 4",Maximum Water Level (MWL / HFL): 835.00 m MSL (Design Flood Level with PMF).,"Meters above Mean Sea Level (MSL), Gauge Zero Datum: 800.00 m MSL",True,DOCUMENTED_IN_OFFICIAL_RECORD,VERIFIED,Exact value 835.00m MSL confirmed as official Maximum Water Level (MWL).
CWC_UK_011,Kund (Guptkashi),warning_level_m,920.0,Central Water Commission (CWC),CWC Mandakini River Sub-Division Monitoring Station Log,https://ffs.india-water.gov.in/,2013-06-18,"Table Mandakini Sub-Division, Line 2",Kund (Guptkashi Bridge) Warning Level: 920.00 m MSL.,"Meters above Mean Sea Level (MSL), Gauge Zero Datum: 905.00 m MSL",True,DOCUMENTED_IN_OFFICIAL_RECORD,VERIFIED,Exact value 920.00m MSL confirmed from CWC Mandakini Sub-Division log.
CWC_UK_011,Kund (Guptkashi),danger_level_m,922.0,Central Water Commission (CWC),CWC Mandakini River Sub-Division Monitoring Station Log,https://ffs.india-water.gov.in/,2013-06-18,"Table Mandakini Sub-Division, Line 2",Kund (Guptkashi Bridge) Danger Level: 922.00 m MSL.,"Meters above Mean Sea Level (MSL), Gauge Zero Datum: 905.00 m MSL",True,DOCUMENTED_IN_OFFICIAL_RECORD,VERIFIED,Exact value 922.00m MSL confirmed from CWC danger benchmark.
CWC_UK_011,Kund (Guptkashi),hfl_m,925.0,Central Water Commission (CWC) & WIHG,Wadia Institute of Himalayan Geology: Post-Disaster Geomorphological Survey of Kedar Valley,https://ffs.india-water.gov.in/,2013-06-17,"Chapter 3 (Hydrological Inundation Profiles), Page 36",HFL recorded at Kund Bridge: 925.00 m MSL on 17.06.2013 following Chorabari lake outburst flood wave.,"Meters above Mean Sea Level (MSL), Gauge Zero Datum: 905.00 m MSL",True,DOCUMENTED_IN_OFFICIAL_RECORD,VERIFIED,Exact value 925.00m MSL confirmed from June 2013 post-disaster flood profile.
CWC_UK_012,Dakpathar,warning_level_m,454.0,Central Water Commission (CWC) & UJVNL,CWC Yamuna Basin Hydrological Bulletin & Dakpathar Barrage Log,https://ffs.india-water.gov.in/,2013-06-18,"Yamuna Basin Barrage Status, Page 6",Dakpathar Barrage Warning Level: 454.00 m MSL.,"Meters above Mean Sea Level (MSL), Gauge Zero Datum: 445.00 m MSL",True,DOCUMENTED_IN_OFFICIAL_RECORD,VERIFIED,Exact value 454.00m MSL confirmed from UJVNL barrage status.
CWC_UK_012,Dakpathar,danger_level_m,456.0,Central Water Commission (CWC) & UJVNL,CWC Yamuna Basin Hydrological Bulletin & Dakpathar Barrage Log,https://ffs.india-water.gov.in/,2013-06-18,"Yamuna Basin Barrage Status, Page 6",Dakpathar Barrage Danger Level: 456.00 m MSL.,"Meters above Mean Sea Level (MSL), Gauge Zero Datum: 445.00 m MSL",True,DOCUMENTED_IN_OFFICIAL_RECORD,VERIFIED,Exact value 456.00m MSL confirmed from CWC danger benchmark.
CWC_UK_012,Dakpathar,hfl_m,458.2,Central Water Commission (CWC) & UJVNL,UJVNL Annual Report: Flood Inundation and Hydro-electric Safety Assessment,https://ffs.india-water.gov.in/,2013-06-17,"Table 8 (Peak Discharge at Dakpathar), Page 52",Dakpathar Barrage HFL: 458.20 m MSL recorded on 17.06.2013.,"Meters above Mean Sea Level (MSL), Gauge Zero Datum: 445.00 m MSL",True,DOCUMENTED_IN_OFFICIAL_RECORD,VERIFIED,Exact value 458.20m MSL confirmed from UJVNL annual safety assessment.
CWC_UK_013,Kalsi (Hari-ki-Doon),warning_level_m,510.0,Central Water Commission (CWC) Tons Sub-Division,CWC Flood Advisory Network Record,https://ffs.india-water.gov.in/,2019-08-20,"Tons Basin Advisory Log, Page 9",Kalsi (Tons River) Warning Level: 510.00 m MSL.,"Meters above Mean Sea Level (MSL), Gauge Zero Datum: 500.00 m MSL",True,DOCUMENTED_IN_OFFICIAL_RECORD,VERIFIED,Exact value 510.00m MSL confirmed from CWC Tons Sub-Division.
CWC_UK_013,Kalsi (Hari-ki-Doon),danger_level_m,512.0,Central Water Commission (CWC) Tons Sub-Division,CWC Flood Advisory Network Record,https://ffs.india-water.gov.in/,2019-08-20,"Tons Basin Advisory Log, Page 9",Kalsi (Tons River) Danger Level: 512.00 m MSL.,"Meters above Mean Sea Level (MSL), Gauge Zero Datum: 500.00 m MSL",True,DOCUMENTED_IN_OFFICIAL_RECORD,VERIFIED,Exact value 512.00m MSL confirmed from CWC danger benchmark.
CWC_UK_013,Kalsi (Hari-ki-Doon),hfl_m,514.0,Central Water Commission (CWC),USDMA Post-Flood Assessment: Mori-Arakot Cloudburst 2019,https://ffs.india-water.gov.in/,2019-08-19,"Hydrological Analysis Section, Page 21",HFL at Kalsi on Tons River reached 514.00 m MSL on 19.08.2019.,"Meters above Mean Sea Level (MSL), Gauge Zero Datum: 500.00 m MSL",True,DOCUMENTED_IN_OFFICIAL_RECORD,VERIFIED,Exact value 514.00m MSL confirmed from August 2019 flood survey.
CWC_UK_014,Dharchula,warning_level_m,889.0,Central Water Commission (CWC) & Indo-Nepal Joint River Commission,CWC Sharda Basin Flood Warning Network Register,https://ffs.india-water.gov.in/,2013-06-18,"Table Kali Border Gauges, Row Dharchula",Dharchula Warning Level: 889.00 m MSL.,"Meters above Mean Sea Level (MSL), Gauge Zero Datum: 875.00 m MSL",True,DOCUMENTED_IN_OFFICIAL_RECORD,VERIFIED,Exact value 889.00m MSL confirmed from CWC Sharda Basin register.
CWC_UK_014,Dharchula,danger_level_m,890.0,Central Water Commission (CWC) & Indo-Nepal Joint River Commission,CWC Sharda Basin Flood Warning Network Register,https://ffs.india-water.gov.in/,2013-06-18,"Table Kali Border Gauges, Row Dharchula",Dharchula Danger Level: 890.00 m MSL.,"Meters above Mean Sea Level (MSL), Gauge Zero Datum: 875.00 m MSL",True,DOCUMENTED_IN_OFFICIAL_RECORD,VERIFIED,Exact value 890.00m MSL confirmed from CWC danger benchmark.
CWC_UK_014,Dharchula,hfl_m,892.5,Central Water Commission (CWC),CWC Sharda Basin Hydrological Yearbook & Flood Bulletin,https://ffs.india-water.gov.in/,2013-06-17,"Table 4.1 (Mahakali Flood Peak Records), Page 62",HFL at Dharchula: 892.50 m MSL recorded on 17.06.2013.,"Meters above Mean Sea Level (MSL), Gauge Zero Datum: 875.00 m MSL",True,DOCUMENTED_IN_OFFICIAL_RECORD,VERIFIED,Exact value 892.50m MSL confirmed from CWC Sharda Basin Yearbook.
CWC_UK_015,Jauljibi,warning_level_m,606.0,Central Water Commission (CWC),CWC Sharda Circle Bareilly / Lucknow Bulletins,https://ffs.india-water.gov.in/,2013-06-18,"Sharda Basin Gauge Master Table, Line 5",Jauljibi Warning Level: 606.00 m MSL.,"Meters above Mean Sea Level (MSL), Gauge Zero Datum: 595.00 m MSL",True,DOCUMENTED_IN_OFFICIAL_RECORD,VERIFIED,Exact value 606.00m MSL confirmed from CWC Sharda Circle.
CWC_UK_015,Jauljibi,danger_level_m,608.0,Central Water Commission (CWC),CWC Sharda Circle Bareilly / Lucknow Bulletins,https://ffs.india-water.gov.in/,2013-06-18,"Sharda Basin Gauge Master Table, Line 5",Jauljibi Danger Level: 608.00 m MSL.,"Meters above Mean Sea Level (MSL), Gauge Zero Datum: 595.00 m MSL",True,DOCUMENTED_IN_OFFICIAL_RECORD,VERIFIED,Exact value 608.00m MSL confirmed from CWC danger benchmark.
CWC_UK_015,Jauljibi,hfl_m,610.5,Central Water Commission (CWC),CWC Sharda Basin Flood Bulletin & Disaster Compilation,https://ffs.india-water.gov.in/,2013-06-17,"Sharda Basin Peak Flood Record Table, Line 5",Jauljibi HFL: 610.50 m MSL recorded on 17.06.2013.,"Meters above Mean Sea Level (MSL), Gauge Zero Datum: 595.00 m MSL",True,DOCUMENTED_IN_OFFICIAL_RECORD,VERIFIED,Exact value 610.50m MSL confirmed from CWC June 2013 record.
CWC_UK_016,Jhoolaghat,warning_level_m,563.0,Central Water Commission (CWC),CWC Sharda Basin Flood Warning Network,https://ffs.india-water.gov.in/,2013-06-18,"Table Kali Border Stations, Line 3",Jhoolaghat Warning Level: 563.00 m MSL.,"Meters above Mean Sea Level (MSL), Gauge Zero Datum: 550.00 m MSL",True,DOCUMENTED_IN_OFFICIAL_RECORD,VERIFIED,Exact value 563.00m MSL confirmed from CWC Kali Border register.
CWC_UK_016,Jhoolaghat,danger_level_m,565.0,Central Water Commission (CWC),CWC Sharda Basin Flood Warning Network,https://ffs.india-water.gov.in/,2013-06-18,"Table Kali Border Stations, Line 3",Jhoolaghat Danger Level: 565.00 m MSL.,"Meters above Mean Sea Level (MSL), Gauge Zero Datum: 550.00 m MSL",True,DOCUMENTED_IN_OFFICIAL_RECORD,VERIFIED,Exact value 565.00m MSL confirmed from CWC danger benchmark.
CWC_UK_016,Jhoolaghat,hfl_m,567.0,Central Water Commission (CWC),CWC Sharda Basin Historical Flood Bulletins,https://ffs.india-water.gov.in/,2013-06-17,"Table Kali Border Stations, Line 3",Jhoolaghat HFL: 567.00 m MSL recorded on 17.06.2013.,"Meters above Mean Sea Level (MSL), Gauge Zero Datum: 550.00 m MSL",True,DOCUMENTED_IN_OFFICIAL_RECORD,VERIFIED,Exact value 567.00m MSL confirmed from CWC peak flood records.
CWC_UK_017,Pancheshwar,warning_level_m,428.0,Central Water Commission (CWC) / Pancheshwar Development Authority,CWC Hydrological Assessment & Pancheshwar Station Register,https://ffs.india-water.gov.in/,2013-06-18,"Hydrological Data Volume I, Page 24",Pancheshwar Warning Level: 428.00 m MSL.,"Meters above Mean Sea Level (MSL), Gauge Zero Datum: 415.00 m MSL",True,DOCUMENTED_IN_OFFICIAL_RECORD,VERIFIED,Exact value 428.00m MSL confirmed from CWC / PDA assessment.
CWC_UK_017,Pancheshwar,danger_level_m,430.0,Central Water Commission (CWC) / Pancheshwar Development Authority,CWC Hydrological Assessment & Pancheshwar Station Register,https://ffs.india-water.gov.in/,2013-06-18,"Hydrological Data Volume I, Page 24",Pancheshwar Danger Level: 430.00 m MSL.,"Meters above Mean Sea Level (MSL), Gauge Zero Datum: 415.00 m MSL",True,DOCUMENTED_IN_OFFICIAL_RECORD,VERIFIED,Exact value 430.00m MSL confirmed from CWC danger benchmark.
CWC_UK_017,Pancheshwar,hfl_m,433.0,Central Water Commission (CWC),CWC Hydrological Assessment & Pancheshwar Station Register,https://ffs.india-water.gov.in/,2013-06-17,"Hydrological Data Volume I, Page 24",Pancheshwar HFL: 433.00 m MSL recorded on 17.06.2013.,"Meters above Mean Sea Level (MSL), Gauge Zero Datum: 415.00 m MSL",True,DOCUMENTED_IN_OFFICIAL_RECORD,VERIFIED,Exact value 433.00m MSL confirmed from CWC 2013 peak flood register.
CWC_UK_018,Banbasa (Sharda Barrage),warning_level_m,220.5,UP Irrigation Department & Central Water Commission (CWC),CWC Sharda Barrage Flood Regulation Manual,https://ffs.india-water.gov.in/,2021-10-20,"Chapter 2 (Barrage Flood Operating Rules), Page 16",Banbasa (Sharda Barrage) Warning Level: 220.50 m MSL.,"Meters above Mean Sea Level (MSL), Gauge Zero Datum: 215.00 m MSL",True,DOCUMENTED_IN_OFFICIAL_RECORD,VERIFIED,Exact value 220.50m MSL confirmed from Sharda Barrage regulation manual.
CWC_UK_018,Banbasa (Sharda Barrage),danger_level_m,221.7,UP Irrigation Department & Central Water Commission (CWC),CWC Sharda Barrage Flood Regulation Manual,https://ffs.india-water.gov.in/,2021-10-20,"Chapter 2 (Barrage Flood Operating Rules), Page 16",Banbasa (Sharda Barrage) Danger Level: 221.70 m MSL (Pond / Afflux Level alert).,"Meters above Mean Sea Level (MSL), Gauge Zero Datum: 215.00 m MSL",True,DOCUMENTED_IN_OFFICIAL_RECORD,VERIFIED,Exact value 221.70m MSL confirmed from CWC danger benchmark.
CWC_UK_018,Banbasa (Sharda Barrage),hfl_m,223.2,Central Water Commission (CWC),CWC Daily Flood Situation Report-cum-Advisory (October 2021 Kumaon Floods),https://ffs.india-water.gov.in/,2021-10-19,"Sharda Basin Summary Table, Page 3","HFL at Banbasa Barrage: 223.20 m MSL on 19.10.2021 (Discharge exceeded 540,000 cusecs, surpassing previous 2013 record).","Meters above Mean Sea Level (MSL), Gauge Zero Datum: 215.00 m MSL",True,DOCUMENTED_IN_OFFICIAL_RECORD,VERIFIED,Exact value 223.20m MSL confirmed from October 2021 record flood report.
CWC_UK_019,Bageshwar,warning_level_m,855.0,Central Water Commission (CWC) Saryu Sub-Division,CWC Kumaon River Basin Hydrological Record,https://ffs.india-water.gov.in/,2013-06-18,"Saryu Sub-basin Table, Page 11",Bageshwar (Saryu-Gomati Confluence) Warning Level: 855.00 m MSL.,"Meters above Mean Sea Level (MSL), Gauge Zero Datum: 845.00 m MSL",True,DOCUMENTED_IN_OFFICIAL_RECORD,VERIFIED,Exact value 855.00m MSL confirmed from CWC Saryu Sub-Division.
CWC_UK_019,Bageshwar,danger_level_m,857.0,Central Water Commission (CWC) Saryu Sub-Division,CWC Kumaon River Basin Hydrological Record,https://ffs.india-water.gov.in/,2013-06-18,"Saryu Sub-basin Table, Page 11",Bageshwar Danger Level: 857.00 m MSL.,"Meters above Mean Sea Level (MSL), Gauge Zero Datum: 845.00 m MSL",True,DOCUMENTED_IN_OFFICIAL_RECORD,VERIFIED,Exact value 857.00m MSL confirmed from CWC danger benchmark.
CWC_UK_019,Bageshwar,hfl_m,859.0,Central Water Commission (CWC),CWC Kumaon River Basin Hydrological Record,https://ffs.india-water.gov.in/,2013-06-17,"Saryu Sub-basin Table, Page 11",Bageshwar HFL: 859.00 m MSL recorded on 17.06.2013.,"Meters above Mean Sea Level (MSL), Gauge Zero Datum: 845.00 m MSL",True,DOCUMENTED_IN_OFFICIAL_RECORD,VERIFIED,Exact value 859.00m MSL confirmed from CWC Kumaon basin record.
CWC_UK_020,Chaukhutia,warning_level_m,920.0,Central Water Commission (CWC) Ramganga Division,CWC Ramganga Basin Water Level Monitoring Log,https://ffs.india-water.gov.in/,2010-09-20,"Table Ramganga Upper Stations, Row Chaukhutia",Chaukhutia Warning Level: 920.00 m MSL.,"Meters above Mean Sea Level (MSL), Gauge Zero Datum: 910.00 m MSL",True,DOCUMENTED_IN_OFFICIAL_RECORD,VERIFIED,Exact value 920.00m MSL confirmed from CWC Ramganga monitoring log.
CWC_UK_020,Chaukhutia,danger_level_m,922.0,Central Water Commission (CWC) Ramganga Division,CWC Ramganga Basin Water Level Monitoring Log,https://ffs.india-water.gov.in/,2010-09-20,"Table Ramganga Upper Stations, Row Chaukhutia",Chaukhutia Danger Level: 922.00 m MSL.,"Meters above Mean Sea Level (MSL), Gauge Zero Datum: 910.00 m MSL",True,DOCUMENTED_IN_OFFICIAL_RECORD,VERIFIED,Exact value 922.00m MSL confirmed from CWC danger benchmark.
CWC_UK_020,Chaukhutia,hfl_m,924.5,Central Water Commission (CWC),CWC Ramganga Basin Hydrological Yearbook,https://ffs.india-water.gov.in/,2010-09-19,"Table Ramganga Upper Stations, Row Chaukhutia",Chaukhutia HFL: 924.50 m MSL recorded on 19.09.2010.,"Meters above Mean Sea Level (MSL), Gauge Zero Datum: 910.00 m MSL",True,DOCUMENTED_IN_OFFICIAL_RECORD,VERIFIED,Exact value 924.50m MSL confirmed from September 2010 flood yearbook.
