station_id,station_name,latitude,longitude,district,river,basin,first_obs,last_obs,obs_count,valid_gwl_count,gwl_min,gwl_max,gwl_mean
Aurangabad_1,Aurangabad_1,29.981668,78.010278,Haridwar,-,-,2022-07-16T16:17:00,2025-05-31T12:00:00,3984,3984,-33.289,-21.6,-25.917002008032128
Bailpadav,Bailpadav,29.311,79.204,Nainital,-,-,2023-03-27T16:26:00,2025-06-23T00:00:00,3051,3051,-346.939,-40.081,-45.69104490331039
Bairagiwala,Bairagiwala,30.43,77.753,Dehradun,-,-,2022-12-30T11:06:00,2025-05-29T00:00:00,3307,3307,-13.002,-8.561,-11.678462654974298
Bajpur_1,Bajpur_1,29.159,79.154,UDHAM SINGH NAGAR,-,-,2023-03-24T13:15:00,2025-09-30T00:00:00,3102,3102,-8.309,-6.402,-7.673319148936169
Banjarewala,Banjarewala,30.116668,77.876387,Haridwar,-,-,2022-07-16T13:26:00,2025-05-28T12:00:00,3543,3543,-19.114,-12.104,-14.7885077617838
Bannakhera,Bannakhera,29.246,79.169,UDHAM SINGH NAGAR,-,-,2023-03-24T12:11:00,2025-05-19T12:00:00,3055,3055,-8.924,-3.341,-4.768428805237316
Bhaldiyana Colony Pathari,Bhaldiyana Colony Pathari,29.795,78.077,Haridwar,-,-,2022-08-21T12:22:00,2025-06-23T00:00:00,3756,3756,-4.424,0.463,-2.0576610756123537
Chakarpur_2,Chakarpur_2,28.957,80.006,UDHAM SINGH NAGAR,-,-,2023-07-21T16:46:00,2025-08-04T00:00:00,2331,2331,-291.386,-12.995,-24.608701415701418
Chakluwa,Chakluwa,29.249,79.358,Nainital,-,-,2023-03-27T10:07:00,2025-10-02T00:00:00,3057,3057,-65.325,-54.558,-59.385268563951584
Chhiderwala,Chhiderwala,30.087,78.186,Dehradun,-,-,2022-08-26T11:01:00,2025-04-11T00:00:00,3643,3643,-11.168,-2.09,-2.9106700521548174
Chhoi_1,Chhoi_1,29.354,79.146,Nainital,-,-,2023-03-28T10:28:00,2025-08-06T00:00:00,3017,3017,-7.529,-6.599,-7.223305601590986
Chorgaliya,Chorgaliya,29.105,79.694,Nainital,-,-,2023-03-25T11:10:00,2025-09-29T00:00:00,2598,2598,-46.186,-30.805,-38.5717779060816
Dakpathtthar,Dakpathtthar,30.494,77.79,Dehradun,-,-,2022-12-30T12:32:00,2025-08-10T00:00:00,3337,3337,-140.639,-11.218,-33.68093287383878
Dhakrani_1,Dhakrani_1,30.455,77.733,Dehradun,-,-,2022-08-23T10:57:00,2025-09-28T00:00:00,3931,3931,-23.347,-13.899,-20.371210887814804
"Dhela Barrage, US Nagar, Nainital","Dhela Barrage, US Nagar, Nainital",29.3456,79.005682,Nainital,-,-,2024-03-30T15:38:00,2025-03-29T06:00:00,1459,1459,-6.301,-1.936,-4.354580534612748
Dineshpur,Dineshpur,29.045,79.319,UDHAM SINGH NAGAR,-,-,2023-03-25T12:00:00,2025-08-05T12:00:00,2667,2667,-11.14,-5.704,-6.388647544056993
Doiwala_1,Doiwala_1,30.179,78.124,Dehradun,-,-,2022-08-25T10:15:00,2025-09-30T12:00:00,3873,3873,-144.461,-11.165,-37.92914872192099
Fakarhedi,Fakarhedi,29.889071,77.734403,Haridwar,-,-,2022-07-12T15:59:00,2025-06-23T18:00:00,4083,4083,-25.115,-14.188,-19.270047514082783
Gadarpur_1,Gadarpur_1,29.043,79.245,UDHAM SINGH NAGAR,-,-,2023-03-24T15:04:00,2025-06-03T12:00:00,2869,2869,-277.972,-0.271,-2.8239445799930287
"Govt. Girls Inter College,Pantnagar, Udhamsingh Nagar","Govt. Girls Inter College,Pantnagar, Udhamsingh Nagar",29.31007,79.469058,UDHAM SINGH NAGAR,-,-,2024-03-30T12:01:00,2025-03-27T00:00:00,1009,1009,-2.074,-0.196,-1.3564905847373638
Haldwani_2,Haldwani_2,29.216,79.527,Nainital,-,-,2023-03-30T14:54:00,2025-04-30T00:00:00,2902,2902,-999.999,-116.204,-883.3950134390076
ITI Kashipur,ITI Kashipur,29.19,78.993,UDHAM SINGH NAGAR,-,-,2023-03-23T18:38:00,2025-10-01T12:00:00,3086,3086,-2.375,0.324,-0.9738639014906028
Ibrahimpur Deh,Ibrahimpur Deh,29.89317,77.869182,Haridwar,-,-,2022-07-11T17:56:00,2025-08-06T00:00:00,3867,3867,-26.988,-11.593,-16.668200413757436
Iqbalpur_1,Iqbalpur_1,29.866112,77.788329,Haridwar,-,-,2021-01-12T12:00:00,2025-08-05T12:00:00,3901,3901,-22.566,981.1,-14.146590874134837
Jaspur_2,Jaspur_2,29.278,78.832,UDHAM SINGH NAGAR,-,-,2023-03-23T17:33:00,2025-10-01T12:00:00,2457,2457,-17.839,-9.139,-12.242393162393162
Jhabrawala,Jhabrawala,30.142,78.097,Dehradun,-,-,2022-08-25T15:39:00,2025-09-29T12:00:00,3705,3705,-12.445,26.73,-7.498890148448043
Jhajhra,Jhajhra,30.346,77.918,Dehradun,-,-,2022-08-23T13:01:00,2025-10-02T00:00:00,3921,3921,-8.319,10.663,-2.641024483550115
Jhankat_1,Jhankat_1,28.94,79.901,UDHAM SINGH NAGAR,-,-,2023-03-26T09:15:00,2025-09-29T00:00:00,2738,2738,-9.491,-6.727,-8.275299488677867
Jhibarhedi-2,Jhibarhedi-2,30.297,77.936,Dehradun,-,-,2022-12-31T08:24:00,2025-07-15T18:00:00,3317,3317,-18.388,-13.713,-15.508083810672293
Jiyapota,Jiyapota,29.878,78.128,Haridwar,-,-,2022-08-21T15:32:00,2025-05-04T18:00:00,3557,3557,-9.383,-2.148,-7.0870615687377
Kaladhungi_1,Kaladhungi_1,29.281,79.349,Nainital,-,-,2023-03-27T09:10:00,2025-10-01T12:00:00,3104,3104,-96.797,-83.996,-89.309643685567
Khatima_1,Khatima_1,28.925,79.961,UDHAM SINGH NAGAR,-,-,2023-03-26T07:49:00,2025-04-12T12:00:00,2015,2015,-248.107,-0.213,-10.29632952853598
"Kheri Shikarpur Primary School, Roorkee","Kheri Shikarpur Primary School, Roorkee",30.05182,77.806299,Haridwar,-,-,2024-03-29T09:04:00,2025-10-02T00:00:00,1582,1582,-9.102,-4.234,-6.641343236409607
Kichha_1,Kichha_1,28.909,79.513,UDHAM SINGH NAGAR,-,-,2023-03-30T10:03:00,2025-08-10T06:00:00,3070,3070,-9.99,-6.503,-7.912500651465798
Kotdwar_1,Kotdwar_1,29.742,78.519,PAURI GARHWAL,-,-,2023-03-29T11:38:00,2025-10-02T00:00:00,2643,2643,-79.704,-64.381,-72.1228278471434
Kotwal_1,Kotwal_1,29.784719,77.788887,Haridwar,-,-,2022-07-15T15:29:00,2025-08-04T12:00:00,4007,4007,-10.422,-5.415,-7.73549538307961
Kuankheda_1,Kuankheda_1,29.758,77.978,Haridwar,-,-,2023-04-06T15:04:00,2025-03-29T06:00:00,2821,2821,-6.515,0.432,-2.978370790499823
Lacchiwala,Lacchiwala,30.21,78.133,Dehradun,-,-,2022-08-25T09:25:00,2025-09-30T12:00:00,3895,3895,-148.804,-30.744,-45.573052631578946
Lamachaur_1,Lamachaur_1,29.223,79.431,Nainital,-,-,2023-03-27T11:02:00,2025-10-01T00:00:00,3114,3114,-382.303,-43.327,-68.62464161849712
Mahuakheraganj,Mahuakheraganj,29.136,78.943,UDHAM SINGH NAGAR,-,-,2023-03-24T09:51:00,2025-06-23T00:00:00,3078,3078,-24.9,-6.724,-12.218427225471086
Manglaur_2,Manglaur_2,29.785,77.857,Haridwar,-,-,2022-07-18T15:51:00,2025-06-12T00:00:00,2898,2898,-16.516,-12.161,-14.476114561766735
Mehuwala,Mehuwala,30.312,77.982,Dehradun,-,-,2022-08-24T10:57:00,2025-09-28T12:00:00,3951,3951,-40.6,-5.233,-34.81255429005315
Mohitpur,Mohitpur,29.926807,77.777018,Haridwar,-,-,2022-07-12T14:24:00,2025-08-05T00:00:00,4102,4102,-300.283,-19.197,-24.432224524622136
Pathari_1,Pathari_1,29.832,78.074,Haridwar,-,-,2022-08-21T14:02:00,2025-06-30T12:00:00,3891,3891,-115.414,1.949,-4.299139552814187
Patrampur_1,Patrampur_1,29.334,78.874,UDHAM SINGH NAGAR,-,-,2023-03-28T13:47:00,2025-04-17T12:00:00,2972,2972,-21.907,-7.087,-10.67286541049798
"Prahladpur Primary School Kanpur, Roorkee","Prahladpur Primary School Kanpur, Roorkee",29.679463,77.993702,Haridwar,-,-,2024-03-28T18:11:00,2025-09-30T00:00:00,1595,1595,-3.489,-0.075,-1.731728526645768
Rameshwaram_1,Rameshwaram_1,28.947,79.462,UDHAM SINGH NAGAR,-,-,2023-03-30T09:04:00,2025-05-20T00:00:00,2913,2913,-9.695,-2.377,-5.401817370408514
Rasulpur_3,Rasulpur_3,29.865832,77.847223,Haridwar,-,-,2022-07-15T17:34:00,2025-08-05T12:00:00,3826,3826,-24.614,7307085300.0,1909834.403820962
Redapur_2,Redapur_2,30.409,77.793,Dehradun,-,-,2022-12-31T09:58:00,2025-09-30T00:00:00,3318,3318,-274.047,-11.055,-30.975742616033752
Rehmatpur_1,Rehmatpur_1,29.902,77.948,Haridwar,-,-,2022-07-19T14:05:00,2025-07-03T00:00:00,3005,3005,-16.792,-7.718,-10.544828618968385
Rishikesh_1,Rishikesh_1,30.101,78.288,Dehradun,-,-,2023-01-01T11:30:00,2025-05-04T18:00:00,3232,3232,-11.166,-2.493,-5.398783415841583
Roshanabad_1,Roshanabad_1,29.971,78.073,Haridwar,-,-,2022-08-21T18:00:00,2025-09-30T12:00:00,3898,3898,-152.88,-48.301,-53.45831503335043
Rudrapur_3,Rudrapur_3,28.994,79.402,UDHAM SINGH NAGAR,-,-,2023-03-31T10:30:00,2025-05-19T12:00:00,2929,2929,-43.56,68.266,-6.160845339706385
Satya Narayan mandir,Satya Narayan mandir,30.048,78.215,Dehradun,-,-,2023-07-21T11:54:00,2025-08-06T00:00:00,2630,2630,-13.391,-7.568,-10.395361216730036
Selakui_2,Selakui_2,30.367,77.962,Dehradun,-,-,2022-08-23T12:15:00,2025-09-28T00:00:00,3947,3947,-15.2,-9.029,-11.729856853306307
Shekhowala_1,Shekhowala_1,30.361,77.809,Dehradun,-,-,2022-12-31T11:09:00,2025-10-01T00:00:00,3027,3027,-15.77,-13.242,-14.660655104063428
Shikarpur_2,Shikarpur_2,29.804,77.949,Haridwar,-,-,2022-07-18T14:07:00,2025-04-17T00:00:00,3927,3927,-8.475,-4.544,-6.1801466768525595
Sigaddi,Sigaddi,29.791,78.411,PAURI GARHWAL,-,-,2023-03-29T10:39:00,2025-09-23T00:00:00,3012,3012,-96.197,-86.474,-91.35889774236388
Sisaiya_1,Sisaiya_1,28.878,79.676,UDHAM SINGH NAGAR,-,-,2023-03-30T12:00:00,2025-03-08T15:25:00,2836,2836,-4.634,0.189,-2.06964245416079
Sitarganj_2,Sitarganj_2,28.931,79.702,UDHAM SINGH NAGAR,-,-,2023-03-26T11:23:00,2025-10-01T00:00:00,2957,2957,-8.976,-7.363,-7.622331755157254
Subhasnagar,Subhasnagar,30.272,77.991,Dehradun,-,-,2022-08-24T15:42:00,2025-09-25T00:00:00,3335,3335,-19.219,-10.676,-14.080105847076462
Tanakpur_2,Tanakpur_2,28.92,79.965,Champawat,-,-,2023-01-04T12:00:00,2025-05-04T18:00:00,2308,2308,-11.694,-8.313,-10.545519497400347
Teliwala_1,Teliwala_1,29.951666,77.967224,Haridwar,-,-,2022-07-16T18:49:00,2025-08-06T00:00:00,4109,4109,-109.99,-1.787,-5.844119007057678
Timli_1,Timli_1,30.372,77.722,Dehradun,-,-,2022-12-30T09:44:00,2025-08-06T00:00:00,3209,3209,-69.97,-63.925,-66.28814802119041
Wamanpuri,Wamanpuri,28.955,79.697,UDHAM SINGH NAGAR,-,-,2023-03-26T10:25:00,2025-09-28T00:00:00,2750,2750,-7.129,-4.777,-5.6382283636363635
"Yamna Colony, Dehradun","Yamna Colony, Dehradun",30.3284,78.027519,Dehradun,-,-,2023-12-05T12:00:00,2025-09-22T18:00:00,1601,1601,-70.032,-11.218,-61.38707183010618
